[2025-04-09 23:27:00] Executing bootstrap tasks
[2025-04-09 23:27:00] OpenJDK Runtime Environment 21.0.6+7-LTS
[2025-04-09 23:27:00] Product org.eclipse.products.epp.package.java.2025-03
[2025-04-09 23:27:00] Bundle org.eclipse.oomph.setup 1.31.0.v20250302-1233, build=1131, branch=7dd34dae7911d7640017e5a8d324d7359e5c5a8e
[2025-04-09 23:27:00] Bundle org.eclipse.oomph.setup.core 1.33.0.v20250304-0858, build=1131, branch=7dd34dae7911d7640017e5a8d324d7359e5c5a8e
[2025-04-09 23:27:00] Bundle org.eclipse.oomph.setup.p2 1.22.0.v20250302-1233, build=1131, branch=7dd34dae7911d7640017e5a8d324d7359e5c5a8e
[2025-04-09 23:27:00] Performing P2 Director (Eclipse IDE for Java Developers (2025-03) + JRE 21.0.6)
[2025-04-09 23:27:00] Offline = false
[2025-04-09 23:27:00] Mirrors = true
[2025-04-09 23:27:00] Resolving 29 requirements from 4 repositories to /Users/harshit/eclipse/java-2025-03/Eclipse.app/Contents/Eclipse
[2025-04-09 23:27:00] Requirement org.eclipse.equinox.p2.iu:org.eclipse.justj.openjdk.hotspot.jre.full.feature.group (filter=(|(&(osgi.arch=aarch64)(osgi.os=linux))(&(osgi.arch=aarch64)(osgi.os=macosx))(&(osgi.arch=aarch64)(osgi.os=win32))(&(osgi.arch=ppc64le)(osgi.os=linux))(&(osgi.arch=riscv64)(osgi.os=linux))(&(osgi.arch=x86_64)(osgi.os=linux))(&(osgi.arch=x86_64)(osgi.os=macosx))(&(osgi.arch=x86_64)(osgi.os=win32))))
[2025-04-09 23:27:00] Requirement org.eclipse.equinox.p2.iu:epp.package.java [4.35.0,5.0.0) (filter=(|(&(osgi.arch=aarch64)(osgi.os=linux)(osgi.ws=gtk))(&(osgi.arch=aarch64)(osgi.os=macosx)(osgi.ws=cocoa))(&(osgi.arch=aarch64)(osgi.os=win32)(osgi.ws=win32))(&(osgi.arch=riscv64)(osgi.os=linux)(osgi.ws=gtk))(&(osgi.arch=x86_64)(osgi.os=linux)(osgi.ws=gtk))(&(osgi.arch=x86_64)(osgi.os=macosx)(osgi.ws=cocoa))(&(osgi.arch=x86_64)(osgi.os=win32)(osgi.ws=win32))))
[2025-04-09 23:27:00] Requirement org.eclipse.equinox.p2.iu:org.eclipse.platform.feature.group [4.35.0,5.0.0)
[2025-04-09 23:27:00] Requirement org.eclipse.equinox.p2.iu:org.eclipse.rcp.feature.group [4.35.0,5.0.0)
[2025-04-09 23:27:00] Requirement org.eclipse.equinox.p2.iu:org.eclipse.buildship.feature.group
[2025-04-09 23:27:00] Requirement org.eclipse.equinox.p2.iu:org.eclipse.eclemma.feature.feature.group
[2025-04-09 23:27:00] Requirement org.eclipse.equinox.p2.iu:org.eclipse.egit.feature.group
[2025-04-09 23:27:00] Requirement org.eclipse.equinox.p2.iu:org.eclipse.epp.mpc.feature.group
[2025-04-09 23:27:00] Requirement org.eclipse.equinox.p2.iu:org.eclipse.jdt.bcoview.feature.feature.group
[2025-04-09 23:27:00] Requirement org.eclipse.equinox.p2.iu:org.eclipse.jdt.feature.group
[2025-04-09 23:27:00] Requirement org.eclipse.equinox.p2.iu:org.eclipse.jgit.feature.group
[2025-04-09 23:27:00] Requirement org.eclipse.equinox.p2.iu:org.eclipse.m2e.feature.feature.group
[2025-04-09 23:27:00] Requirement org.eclipse.equinox.p2.iu:org.eclipse.m2e.lemminx.feature.feature.group
[2025-04-09 23:27:00] Requirement org.eclipse.equinox.p2.iu:org.eclipse.m2e.logback.feature.feature.group
[2025-04-09 23:27:00] Requirement org.eclipse.equinox.p2.iu:org.eclipse.mylyn.commons.activity.feature.feature.group
[2025-04-09 23:27:00] Requirement org.eclipse.equinox.p2.iu:org.eclipse.mylyn.egit.feature.feature.group
[2025-04-09 23:27:00] Requirement org.eclipse.equinox.p2.iu:org.eclipse.mylyn.git.feature.feature.group
[2025-04-09 23:27:00] Requirement org.eclipse.equinox.p2.iu:org.eclipse.mylyn.github.feature.feature.group
[2025-04-09 23:27:00] Requirement org.eclipse.equinox.p2.iu:org.eclipse.mylyn.ide.feature.feature.group
[2025-04-09 23:27:00] Requirement org.eclipse.equinox.p2.iu:org.eclipse.mylyn.jdt.feature.feature.group
[2025-04-09 23:27:00] Requirement org.eclipse.equinox.p2.iu:org.eclipse.mylyn.jenkins.feature.feature.group
[2025-04-09 23:27:00] Requirement org.eclipse.equinox.p2.iu:org.eclipse.mylyn.reviews.feature.feature.group
[2025-04-09 23:27:00] Requirement org.eclipse.equinox.p2.iu:org.eclipse.mylyn.wikitext.feature.feature.group
[2025-04-09 23:27:00] Requirement org.eclipse.equinox.p2.iu:org.eclipse.tips.feature.feature.group
[2025-04-09 23:27:00] Requirement org.eclipse.equinox.p2.iu:org.eclipse.tm.terminal.feature.feature.group
[2025-04-09 23:27:00] Requirement org.eclipse.equinox.p2.iu:org.eclipse.tm4e.feature.feature.group
[2025-04-09 23:27:00] Requirement org.eclipse.equinox.p2.iu:org.eclipse.tm4e.language_pack.feature.feature.group
[2025-04-09 23:27:00] Requirement org.eclipse.equinox.p2.iu:org.eclipse.wildwebdeveloper.xml.feature.feature.group
[2025-04-09 23:27:00] Requirement org.eclipse.equinox.p2.iu:org.eclipse.oomph.setup.feature.group
[2025-04-09 23:27:00] Repository https://download.eclipse.org/justj/jres/21/updates/release/latest
[2025-04-09 23:27:00] Repository https://download.eclipse.org/technology/epp/packages/2025-03/202503061200
[2025-04-09 23:27:00] Repository https://download.eclipse.org/releases/2025-03/202503121000
[2025-04-09 23:27:00] Repository https://download.eclipse.org/oomph/updates/milestone/latest
[2025-04-09 23:27:10] Calculating requirements and dependencies.
[2025-04-09 23:27:11] Computing prerequisite plan
[2025-04-09 23:27:27] Collecting 571 artifacts from https://download.eclipse.org/releases/2025-03/202503121000
[2025-04-09 23:27:28] Fetching 202503121000&countryCode=in&timeZone=5&format=xml from https://www.eclipse.org/downloads/download.php?format=xml&file=/releases/2025-03/
[2025-04-09 23:27:29] Fetching org.eclipse.wildwebdeveloper.xml.feature_1.3.6.202409052135.jar from https://mirrors.jevincanders.net/eclipse/releases/2025-03/202503121000/features/ (12.79kB)
[2025-04-09 23:27:29] Fetching org.eclipse.platform_root_4.35.0.v20250228-0640 from https://eclipse.mirror.rafal.ca/releases/2025-03/202503121000/binary/ (196B)
[2025-04-09 23:27:29] Fetching jakarta.inject.jakarta.inject-api_2.0.1.jar from https://ftp.yz.yamagata-u.ac.jp/pub/eclipse/releases/2025-03/202503121000/plugins/ (10.43kB)
[2025-04-09 23:27:29] Fetching javax.xml.jre_1.3.4.202210170008.jar from https://mirror.library.ucy.ac.cy/eclipse/releases/2025-03/202503121000/plugins/ (9.18kB)
[2025-04-09 23:27:29] Fetching org.eclipse.e4.core.di.extensions_0.18.300.v20240413-1529.jar from https://mirror.umd.edu/eclipse/releases/2025-03/202503121000/plugins/ (12.96kB)
[2025-04-09 23:27:29] Fetching org.eclipse.m2e.lemminx.feature_2.6.0.20250208-1755.jar from https://ftp.yz.yamagata-u.ac.jp/pub/eclipse/releases/2025-03/202503121000/features/ (13.14kB)
[2025-04-09 23:27:29] Fetching org.eclipse.ui.cocoa_1.3.200.v20240309-0857.jar from https://ftp2.osuosl.org/pub/eclipse/releases/2025-03/202503121000/plugins/ (11.38kB)
[2025-04-09 23:27:29] Fetching org.eclipse.m2e.editor.lemminx.bnd_1.0.0.20250208-1755.jar from https://mirror.kakao.com/eclipse/releases/2025-03/202503121000/plugins/ (11.3kB)
[2025-04-09 23:27:30] Fetching jakarta.inject.jakarta.inject-api_1.0.5.jar from https://mirrors.nju.edu.cn/eclipse//releases/2025-03/202503121000/plugins/ (10.61kB)
[2025-04-09 23:27:30] Fetching org.eclipse.mylyn.wikitext.markdown.ui_4.6.0.v20241229-1209.jar from https://ftp.yz.yamagata-u.ac.jp/pub/eclipse/releases/2025-03/202503121000/plugins/ (13.25kB)
[2025-04-09 23:27:30] Fetching org.eclipse.equinox.http.service.api_1.2.2.v20231218-2126.jar from https://download.eclipse.org/releases/2025-03/202503121000/plugins/ (13.09kB)
[2025-04-09 23:27:30] Fetching org.eclipse.e4.ui.ide_3.17.200.v20231201-1637.jar from https://ftp.yz.yamagata-u.ac.jp/pub/eclipse/releases/2025-03/202503121000/plugins/ (13.28kB)
[2025-04-09 23:27:30] Fetching org.eclipse.mylyn.wikitext.tracwiki.ui_4.6.0.v20241229-1209.jar from https://ftp.yz.yamagata-u.ac.jp/pub/eclipse/releases/2025-03/202503121000/plugins/ (13.68kB)
[2025-04-09 23:27:30] Fetching com.google.guava.failureaccess_1.0.2.jar from https://mirror.csclub.uwaterloo.ca/eclipse/releases/2025-03/202503121000/plugins/ (4.63kB)
[2025-04-09 23:27:30] Fetching org.osgi.service.provisioning_1.2.0.201505202024.jar from https://ftp.yz.yamagata-u.ac.jp/pub/eclipse/releases/2025-03/202503121000/plugins/ (13.38kB)
[2025-04-09 23:27:30] Fetching org.eclipse.mylyn.wikitext.twiki.ui_4.6.0.v20241229-1209.jar from https://ftp.yz.yamagata-u.ac.jp/pub/eclipse/releases/2025-03/202503121000/plugins/ (13.54kB)
[2025-04-09 23:27:30] Fetching org.opentest4j_1.3.0.jar from https://ftp.yz.yamagata-u.ac.jp/pub/eclipse/releases/2025-03/202503121000/plugins/ (13.97kB)
[2025-04-09 23:27:30] Fetching org.eclipse.rcp_4.35.0.v20250228-0140.jar from https://ftp.yz.yamagata-u.ac.jp/pub/eclipse/releases/2025-03/202503121000/plugins/ (14.28kB)
[2025-04-09 23:27:31] Fetching org.eclipse.mylyn.wikitext.mediawiki.ui_4.6.0.v20241229-1209.jar from https://ftp.yz.yamagata-u.ac.jp/pub/eclipse/releases/2025-03/202503121000/plugins/ (14.7kB)
[2025-04-09 23:27:31] Fetching org.eclipse.mylyn.wikitext.asciidoc.ui_4.6.0.v20241229-1209.jar from https://mirror.umd.edu/eclipse/releases/2025-03/202503121000/plugins/ (13.68kB)
[2025-04-09 23:27:31] Fetching org.osgi.util.position_1.0.1.201505202026.jar from https://mirror.umd.edu/eclipse/releases/2025-03/202503121000/plugins/ (13.73kB)
[2025-04-09 23:27:31] Fetching org.eclipse.e4.core.di.annotations_1.8.400.v20240413-1529.jar from https://ftp.yz.yamagata-u.ac.jp/pub/eclipse/releases/2025-03/202503121000/plugins/ (13.82kB)
[2025-04-09 23:27:31] Fetching org.eclipse.equinox.jsp.jasper.registry_1.3.100.v20250127-0454.jar from https://mirror.umd.edu/eclipse/releases/2025-03/202503121000/plugins/ (15.77kB)
[2025-04-09 23:27:32] Fetching org.eclipse.mylyn.wikitext.textile.ui_4.6.0.v20241229-1209.jar from https://ftp.yz.yamagata-u.ac.jp/pub/eclipse/releases/2025-03/202503121000/plugins/ (15.53kB)
[2025-04-09 23:27:32] Fetching org.eclipse.mylyn.wikitext.confluence.ui_4.6.0.v20241229-1209.jar from https://ftp.yz.yamagata-u.ac.jp/pub/eclipse/releases/2025-03/202503121000/plugins/ (14.96kB)
[2025-04-09 23:27:32] Fetching org.eclipse.m2e.feature_2.8.0.20250224-0720.jar from https://mirror.umd.edu/eclipse/releases/2025-03/202503121000/features/ (13.69kB)
[2025-04-09 23:27:32] Fetching org.eclipse.e4.ui.widgets_1.4.200.v20240801-0837.jar from https://ftp.yz.yamagata-u.ac.jp/pub/eclipse/releases/2025-03/202503121000/plugins/ (16.56kB)
[2025-04-09 23:27:32] Fetching org.eclipse.osgi.util_3.7.300.v20231104-1118.jar from https://mirror.umd.edu/eclipse/releases/2025-03/202503121000/plugins/ (14.42kB)
[2025-04-09 23:27:32] Fetching org.apiguardian.api_1.1.2.jar from https://ftp.jaist.ac.jp/pub/eclipse/releases/2025-03/202503121000/plugins/ (6.65kB)
[2025-04-09 23:27:32] Fetching org.eclipse.jdt.core.formatterapp_1.2.300.v20241001-0914.jar from https://mirror.umd.edu/eclipse/releases/2025-03/202503121000/plugins/ (15.78kB)
[2025-04-09 23:27:32] Fetching junit-platform-runner_1.11.4.jar from https://mirror.umd.edu/eclipse/releases/2025-03/202503121000/plugins/ (16.41kB)
[2025-04-09 23:27:33] Fetching org.eclipse.m2e.sourcelookup_2.1.0.20241001-1350.jar from https://mirror.umd.edu/eclipse/releases/2025-03/202503121000/plugins/ (16.8kB)
[2025-04-09 23:27:33] Fetching org.eclipse.mylyn.commons.notifications.core_4.6.0.v20241229-1209.jar from https://mirror.umd.edu/eclipse/releases/2025-03/202503121000/plugins/ (17.42kB)
[2025-04-09 23:27:33] Fetching org.eclipse.mylyn.wikitext.osgi_4.6.0.v20241229-1209.jar from https://ftp.yz.yamagata-u.ac.jp/pub/eclipse/releases/2025-03/202503121000/plugins/ (16.82kB)
[2025-04-09 23:27:33] Fetching org.eclipse.m2e.workspace.cli_0.4.0.jar from https://mirror.umd.edu/eclipse/releases/2025-03/202503121000/plugins/ (17.48kB)
[2025-04-09 23:27:33] Fetching org.eclipse.egit_7.2.0.202503040940-r.jar from https://ftp.yz.yamagata-u.ac.jp/pub/eclipse/releases/2025-03/202503121000/plugins/ (14.76kB)
[2025-04-09 23:27:34] Fetching org.eclipse.jgit_7.2.0.202503040940-r.jar from https://mirror.umd.edu/eclipse/releases/2025-03/202503121000/features/ (17.53kB)
[2025-04-09 23:27:34] Fetching org.eclipse.jgit.http.apache_7.2.0.202503040940-r.jar from https://mirror.umd.edu/eclipse/releases/2025-03/202503121000/features/ (17.56kB)
[2025-04-09 23:27:34] Fetching org.eclipse.jgit.ssh.apache_7.2.0.202503040940-r.jar from https://mirror.umd.edu/eclipse/releases/2025-03/202503121000/features/ (17.57kB)
[2025-04-09 23:27:34] Fetching org.eclipse.buildship.compat_3.1.10.v20240802-1314.jar from https://mirror.umd.edu/eclipse/releases/2025-03/202503121000/plugins/ (18.29kB)
[2025-04-09 23:27:34] Fetching junit-platform-suite-commons_1.11.4.jar from https://mirror.umd.edu/eclipse/releases/2025-03/202503121000/plugins/ (17.6kB)
[2025-04-09 23:27:34] Fetching org.eclipse.team.genericeditor.diff.extension_1.2.400.v20240413-1529.jar from https://mirrors.jevincanders.net/eclipse/releases/2025-03/202503121000/plugins/ (18.14kB)
[2025-04-09 23:27:34] Fetching org.eclipse.buildship.branding_3.1.10.v20240802-1314.jar from https://mirror.umd.edu/eclipse/releases/2025-03/202503121000/plugins/ (18.79kB)
[2025-04-09 23:27:34] Fetching org.eclipse.mylyn.versions.ui_4.6.0.v20241229-1209.jar from https://ftp.yz.yamagata-u.ac.jp/pub/eclipse/releases/2025-03/202503121000/plugins/ (16.79kB)
[2025-04-09 23:27:34] Fetching org.apache.batik.constants_1.18.0.v20241009-1200.jar from https://ftp.yz.yamagata-u.ac.jp/pub/eclipse/releases/2025-03/202503121000/plugins/ (17.92kB)
[2025-04-09 23:27:34] Fetching org.osgi.util.xml_1.0.2.202109301733.jar from https://mirror.umd.edu/eclipse/releases/2025-03/202503121000/plugins/ (18.3kB)
[2025-04-09 23:27:34] Fetching org.eclipse.m2e.archetype.catalog_3.2.1.2.jar from https://mirror.umd.edu/eclipse/releases/2025-03/202503121000/plugins/ (19.15kB)
[2025-04-09 23:27:34] Fetching org.eclipse.swt_3.129.0.v20250221-1734.jar from https://mirrors.jevincanders.net/eclipse/releases/2025-03/202503121000/plugins/ (19.81kB)
[2025-04-09 23:27:34] Fetching org.eclipse.jgit.gpg.bc_7.2.0.202503040940-r.jar from https://ftp.yz.yamagata-u.ac.jp/pub/eclipse/releases/2025-03/202503121000/features/ (17.55kB)
[2025-04-09 23:27:34] Fetching org.eclipse.e4.ui.di_1.5.500.v20250105-1208.jar from https://mirrors.jevincanders.net/eclipse/releases/2025-03/202503121000/plugins/ (19.58kB)
[2025-04-09 23:27:35] Fetching org.eclipse.mylyn.tasks.activity.ui_4.6.0.v20241229-1209.jar from https://ftp.yz.yamagata-u.ac.jp/pub/eclipse/releases/2025-03/202503121000/plugins/ (17.14kB)
[2025-04-09 23:27:35] Fetching org.glassfish.hk2.osgi-resource-locator_1.0.3.jar from https://mirror.umd.edu/eclipse/releases/2025-03/202503121000/plugins/ (19.02kB)
[2025-04-09 23:27:35] Fetching org.osgi.service.prefs_1.1.2.202109301733.jar from https://mirror.umd.edu/eclipse/releases/2025-03/202503121000/plugins/ (19.69kB)
[2025-04-09 23:27:35] Fetching org.eclipse.buildship_3.1.10.v20240802-1314.jar from https://mirror.umd.edu/eclipse/releases/2025-03/202503121000/features/ (21.82kB)
[2025-04-09 23:27:35] Fetching org.eclipse.rcp_root_4.35.0.v20250228-0640 from https://mirror.umd.edu/eclipse/releases/2025-03/202503121000/binary/ (20.26kB)
[2025-04-09 23:27:35] Fetching org.apache.batik.i18n_1.18.0.v20241009-1200.jar from https://mirrors.jevincanders.net/eclipse/releases/2025-03/202503121000/plugins/ (21.15kB)
[2025-04-09 23:27:35] Fetching org.eclipse.tm4e.language_pack.feature_0.14.1.202501052236.jar from https://mirrors.jevincanders.net/eclipse/releases/2025-03/202503121000/features/ (21.83kB)
[2025-04-09 23:27:35] Fetching org.eclipse.m2e.binaryproject.ui_2.1.0.20241001-1350.jar from https://mirror.umd.edu/eclipse/releases/2025-03/202503121000/plugins/ (20.41kB)
[2025-04-09 23:27:35] Fetching org.eclipse.jdt.launching.macosx_3.6.300.v20240321-1645.jar from https://mirrors.jevincanders.net/eclipse/releases/2025-03/202503121000/plugins/ (21.36kB)
[2025-04-09 23:27:35] Fetching org.eclipse.equinox.p2.user.ui_2.4.2700.v20250212-0912.jar from https://mirror.umd.edu/eclipse/releases/2025-03/202503121000/features/ (22.06kB)
[2025-04-09 23:27:35] Fetching org.eclipse.mylyn.reviews.feature_4.6.0.v20241229-1209.jar from https://mirrors.jevincanders.net/eclipse/releases/2025-03/202503121000/features/ (22.2kB)
[2025-04-09 23:27:36] Fetching org.eclipse.equinox.p2.discovery.feature_1.3.700.v20250129-0523.jar from https://mirror.umd.edu/eclipse/releases/2025-03/202503121000/features/ (22.17kB)
[2025-04-09 23:27:36] Fetching org.eclipse.equinox.p2.rcp.feature_1.4.2700.v20250212-0912.jar from https://mirrors.jevincanders.net/eclipse/releases/2025-03/202503121000/features/ (22.13kB)
[2025-04-09 23:27:36] Fetching org.osgi.service.device_1.1.1.202109301733.jar from https://mirrors.jevincanders.net/eclipse/releases/2025-03/202503121000/plugins/ (19.88kB)
[2025-04-09 23:27:36] Fetching org.eclipse.jdt.bcoview.feature_1.2.700.v20250114-1355.jar from https://mirror.umd.edu/eclipse/releases/2025-03/202503121000/features/ (21.97kB)
[2025-04-09 23:27:36] Fetching org.eclipse.rcp_4.35.0.v20250228-0640.jar from https://mirror.umd.edu/eclipse/releases/2025-03/202503121000/features/ (22.19kB)
[2025-04-09 23:27:36] Fetching org.eclipse.help_2.3.2100.v20250228-0140.jar from https://mirror.umd.edu/eclipse/releases/2025-03/202503121000/features/ (22.26kB)
[2025-04-09 23:27:36] Fetching org.eclipse.equinox.p2.extras.feature_1.4.2700.v20250212-0912.jar from https://mirrors.jevincanders.net/eclipse/releases/2025-03/202503121000/features/ (22.22kB)
[2025-04-09 23:27:36] Fetching org.eclipse.emf.common_2.34.0.v20241204-1554.jar from https://mirrors.jevincanders.net/eclipse/releases/2025-03/202503121000/features/ (22.25kB)
[2025-04-09 23:27:37] Fetching org.eclipse.mylyn.github.feature_6.7.0.v20241229-1209.jar from https://mirrors.jevincanders.net/eclipse/releases/2025-03/202503121000/features/ (22.33kB)
[2025-04-09 23:27:37] Fetching org.eclipse.jdt_3.20.100.v20250228-0140.jar from https://mirrors.jevincanders.net/eclipse/releases/2025-03/202503121000/features/ (22.37kB)
[2025-04-09 23:27:37] Fetching org.eclipse.egit_7.2.0.202503040940-r.jar from https://mirror.umd.edu/eclipse/releases/2025-03/202503121000/features/ (22.27kB)
[2025-04-09 23:27:37] Fetching org.eclipse.equinox.p2.updatechecker_1.4.400.v20250129-1120.jar from https://mirror.umd.edu/eclipse/releases/2025-03/202503121000/plugins/ (22.3kB)
[2025-04-09 23:27:37] Fetching org.eclipse.emf.ecore_2.39.0.v20241018-1213.jar from https://mirror.umd.edu/eclipse/releases/2025-03/202503121000/features/ (22.32kB)
[2025-04-09 23:27:37] Fetching org.eclipse.oomph.p2_1.33.0.v20250302-1233.jar from https://mirror.umd.edu/eclipse/releases/2025-03/202503121000/features/ (22.32kB)
[2025-04-09 23:27:37] Fetching org.eclipse.equinox.p2.core.feature_1.7.500.v20250212-0912.jar from https://mirrors.jevincanders.net/eclipse/releases/2025-03/202503121000/features/ (22.52kB)
[2025-04-09 23:27:37] Fetching org.eclipse.tm4e.feature_0.14.1.202501141527.jar from https://mirror.umd.edu/eclipse/releases/2025-03/202503121000/features/ (22.6kB)
[2025-04-09 23:27:37] Fetching org.eclipse.m2e.logback.feature_2.7.0.20241001-1350.jar from https://mirror.umd.edu/eclipse/releases/2025-03/202503121000/features/ (22.72kB)
[2025-04-09 23:27:37] Fetching org.eclipse.mylyn.commons.identity.feature_4.6.0.v20241229-1209.jar from https://mirror.umd.edu/eclipse/releases/2025-03/202503121000/features/ (22.73kB)
[2025-04-09 23:27:37] Fetching org.eclipse.tm.terminal.control.feature_12.0.0.202501171425.jar from https://mirrors.jevincanders.net/eclipse/releases/2025-03/202503121000/features/ (22.55kB)
[2025-04-09 23:27:37] Fetching org.eclipse.tm.terminal.view.feature_12.0.0.202501171425.jar from https://mirrors.jevincanders.net/eclipse/releases/2025-03/202503121000/features/ (22.58kB)
[2025-04-09 23:27:38] Fetching org.eclipse.tm.terminal.connector.ssh.feature_12.0.0.202501171425.jar from https://mirrors.jevincanders.net/eclipse/releases/2025-03/202503121000/features/ (22.59kB)
[2025-04-09 23:27:38] Fetching org.eclipse.mylyn.git.feature_4.6.0.v20241229-1209.jar from https://mirrors.jevincanders.net/eclipse/releases/2025-03/202503121000/features/ (22.76kB)
[2025-04-09 23:27:38] Fetching org.eclipse.mylyn.builds.feature_4.6.0.v20241229-1209.jar from https://mirrors.jevincanders.net/eclipse/releases/2025-03/202503121000/features/ (22.77kB)
[2025-04-09 23:27:38] Fetching org.eclipse.mylyn.team.feature_4.6.0.v20241229-1209.jar from https://mirrors.jevincanders.net/eclipse/releases/2025-03/202503121000/features/ (22.77kB)
[2025-04-09 23:27:38] Fetching org.eclipse.tm.terminal.feature_12.0.0.202410081652.jar from https://mirror.umd.edu/eclipse/releases/2025-03/202503121000/features/ (22.72kB)
[2025-04-09 23:27:38] Fetching org.eclipse.mylyn.commons.notifications.feature_4.6.0.v20241229-1209.jar from https://mirrors.jevincanders.net/eclipse/releases/2025-03/202503121000/features/ (22.79kB)
[2025-04-09 23:27:38] Fetching org.eclipse.mylyn.monitor.feature_4.6.0.v20241229-1209.jar from https://mirror.umd.edu/eclipse/releases/2025-03/202503121000/features/ (22.73kB)
[2025-04-09 23:27:38] Fetching org.eclipse.mylyn.versions.feature_4.6.0.v20241229-1209.jar from https://mirror.umd.edu/eclipse/releases/2025-03/202503121000/features/ (22.75kB)
[2025-04-09 23:27:38] Fetching org.eclipse.mylyn.commons.feature_4.6.0.v20241229-1209.jar from https://mirror.umd.edu/eclipse/releases/2025-03/202503121000/features/ (22.76kB)
[2025-04-09 23:27:38] Fetching org.eclipse.mylyn.jenkins.feature_4.6.0.v20241229-1209.jar from https://mirror.umd.edu/eclipse/releases/2025-03/202503121000/features/ (22.81kB)
[2025-04-09 23:27:38] Fetching org.eclipse.mylyn.commons.activity.feature_4.6.0.v20241229-1209.jar from https://mirrors.jevincanders.net/eclipse/releases/2025-03/202503121000/features/ (22.79kB)
[2025-04-09 23:27:38] Fetching org.eclipse.mylyn.jdt.feature_4.6.0.v20241229-1209.jar from https://mirror.umd.edu/eclipse/releases/2025-03/202503121000/features/ (22.9kB)
[2025-04-09 23:27:38] Fetching org.eclipse.mylyn.ide.feature_4.6.0.v20241229-1209.jar from https://mirrors.jevincanders.net/eclipse/releases/2025-03/202503121000/features/ (22.8kB)
[2025-04-09 23:27:38] Fetching org.eclipse.mylyn.context.feature_4.6.0.v20241229-1209.jar from https://mirrors.jevincanders.net/eclipse/releases/2025-03/202503121000/features/ (22.81kB)
[2025-04-09 23:27:38] Fetching org.eclipse.mylyn.egit.feature_4.6.0.v20241229-1209.jar from https://download.eclipse.org/releases/2025-03/202503121000/features/ (22.86kB)
[2025-04-09 23:27:39] Fetching org.eclipse.mylyn.tasks.feature_4.6.0.v20241229-1209.jar from https://mirror.umd.edu/eclipse/releases/2025-03/202503121000/features/ (22.88kB)
[2025-04-09 23:27:39] Fetching org.eclipse.mylyn.wikitext.feature_4.6.0.v20250108-1719.jar from https://mirror.umd.edu/eclipse/releases/2025-03/202503121000/features/ (22.89kB)
[2025-04-09 23:27:39] Fetching org.eclipse.mylyn.commons.repositories.feature_4.6.0.v20241229-1209.jar from https://mirrors.jevincanders.net/eclipse/releases/2025-03/202503121000/features/ (22.83kB)
[2025-04-09 23:27:39] Fetching org.eclipse.e4.ui.workbench3_0.17.400.v20240321-1245.jar from https://mirrors.jevincanders.net/eclipse/releases/2025-03/202503121000/plugins/ (23.24kB)
[2025-04-09 23:27:39] Fetching org.eclipse.ecf.core.feature_1.7.0.v20250111-0100.jar from https://download.eclipse.org/releases/2025-03/202503121000/features/ (22.91kB)
[2025-04-09 23:27:39] Fetching org.eclipse.e4.rcp_4.35.0.v20250228-0640.jar from https://mirrors.jevincanders.net/eclipse/releases/2025-03/202503121000/features/ (23.43kB)
[2025-04-09 23:27:39] Fetching org.eclipse.epp.mpc_1.12.0.v20250130-1529.jar from https://mirrors.jevincanders.net/eclipse/releases/2025-03/202503121000/features/ (23.43kB)
[2025-04-09 23:27:39] Fetching org.eclipse.mylyn.tasks.activity.core_4.6.0.v20241229-1209.jar from https://mirrors.jevincanders.net/eclipse/releases/2025-03/202503121000/plugins/ (23.48kB)
[2025-04-09 23:27:39] Fetching org.eclipse.tips.feature_0.4.600.v20241126-1843.jar from https://mirror.umd.edu/eclipse/releases/2025-03/202503121000/features/ (22.93kB)
[2025-04-09 23:27:39] Fetching org.eclipse.mylyn.commons.identity.ui_4.6.0.v20241229-1209.jar from https://mirror.umd.edu/eclipse/releases/2025-03/202503121000/plugins/ (23.07kB)
[2025-04-09 23:27:39] Fetching org.eclipse.tips.json_0.3.400.v20240525-0701.jar from https://mirror.umd.edu/eclipse/releases/2025-03/202503121000/plugins/ (23.36kB)
[2025-04-09 23:27:39] Fetching org.eclipse.platform_4.35.0.v20250228-0640.jar from https://mirror.umd.edu/eclipse/releases/2025-03/202503121000/features/ (23.15kB)
[2025-04-09 23:27:39] Fetching org.eclipse.eclemma.feature_3.1.9.202405260028.jar from https://mirrors.jevincanders.net/eclipse/releases/2025-03/202503121000/features/ (23.53kB)
[2025-04-09 23:27:39] Fetching org.eclipse.m2e.logback_2.7.0.20241001-1350.jar from https://mirrors.jevincanders.net/eclipse/releases/2025-03/202503121000/plugins/ (23.69kB)
[2025-04-09 23:27:40] Fetching org.eclipse.m2e.archetype.descriptor_3.2.1.2.jar from https://mirrors.jevincanders.net/eclipse/releases/2025-03/202503121000/plugins/ (23.89kB)
[2025-04-09 23:27:40] Fetching org.osgi.util.function_1.2.0.202109301733.jar from https://download.eclipse.org/releases/2025-03/202503121000/plugins/ (23.09kB)
[2025-04-09 23:27:40] Fetching org.eclipse.mylyn.jenkins.ui_4.6.0.v20241229-1209.jar from https://mirrors.jevincanders.net/eclipse/releases/2025-03/202503121000/plugins/ (24.45kB)
[2025-04-09 23:27:40] Fetching org.osgi.service.repository_1.1.0.201505202024.jar from https://mirrors.jevincanders.net/eclipse/releases/2025-03/202503121000/plugins/ (24.84kB)
[2025-04-09 23:27:40] Fetching org.eclipse.mylyn.git.ui_4.6.0.v20241229-1209.jar from https://download.eclipse.org/releases/2025-03/202503121000/plugins/ (24.81kB)
[2025-04-09 23:27:40] Fetching org.eclipse.m2e.binaryproject_2.2.0.20241001-1350.jar from https://download.eclipse.org/releases/2025-03/202503121000/plugins/ (24.98kB)
[2025-04-09 23:27:40] Fetching junit-platform-suite-api_1.11.4.jar from https://mirrors.jevincanders.net/eclipse/releases/2025-03/202503121000/plugins/ (25.53kB)
[2025-04-09 23:27:40] Fetching jakarta.annotation-api_2.1.1.jar from https://mirrors.jevincanders.net/eclipse/releases/2025-03/202503121000/plugins/ (25.53kB)
[2025-04-09 23:27:40] Fetching org.eclipse.m2e.profiles.core_2.2.0.20241001-1350.jar from https://mirrors.jevincanders.net/eclipse/releases/2025-03/202503121000/plugins/ (25.23kB)
[2025-04-09 23:27:40] Fetching org.eclipse.mylyn.git.core_4.6.0.v20241229-1209.jar from https://mirrors.jevincanders.net/eclipse/releases/2025-03/202503121000/plugins/ (25.38kB)
[2025-04-09 23:27:41] Fetching org.eclipse.epp.mpc.ui.css_1.12.0.v20250130-1529.jar from https://download.eclipse.org/releases/2025-03/202503121000/plugins/ (25.66kB)
[2025-04-09 23:27:41] Fetching jakarta.annotation-api_1.3.5.jar from https://download.eclipse.org/releases/2025-03/202503121000/plugins/ (24.47kB)
[2025-04-09 23:27:41] Fetching org.eclipse.mylyn.egit.ui_4.6.0.v20241229-1209.jar from https://mirrors.jevincanders.net/eclipse/releases/2025-03/202503121000/plugins/ (27.37kB)
[2025-04-09 23:27:41] Fetching org.eclipse.tm.terminal.connector.local.feature_12.0.0.202412281548.jar from https://mirrors.jevincanders.net/eclipse/releases/2025-03/202503121000/features/ (26.32kB)
[2025-04-09 23:27:41] Fetching org.eclipse.tm.terminal.connector.telnet.feature_12.0.0.202501070137.jar from https://mirrors.jevincanders.net/eclipse/releases/2025-03/202503121000/features/ (26.35kB)
[2025-04-09 23:27:41] Fetching org.eclipse.core.filesystem.macosx_1.3.400.v20220812-1420.jar from https://mirrors.jevincanders.net/eclipse/releases/2025-03/202503121000/plugins/ (27.41kB)
[2025-04-09 23:27:41] Fetching org.eclipse.ui.intro.quicklinks_1.2.400.v20240414-1916.jar from https://mirror.umd.edu/eclipse/releases/2025-03/202503121000/plugins/ (25.81kB)
[2025-04-09 23:27:41] Fetching org.eclipse.e4.emf.xpath_0.6.0.v20250215-1931.jar from https://mirror.umd.edu/eclipse/releases/2025-03/202503121000/plugins/ (25.94kB)
[2025-04-09 23:27:41] Fetching org.eclipse.mylyn.java.tasks_4.6.0.v20241229-1209.jar from https://download.eclipse.org/releases/2025-03/202503121000/plugins/ (25.64kB)
[2025-04-09 23:27:41] Fetching org.osgi.util.measurement_1.0.2.201802012109.jar from https://download.eclipse.org/releases/2025-03/202503121000/plugins/ (25.74kB)
[2025-04-09 23:27:41] Fetching org.eclipse.oomph.extractor.lib_1.10.0.v20250206-1413.jar from https://mirrors.jevincanders.net/eclipse/releases/2025-03/202503121000/plugins/ (28.03kB)
[2025-04-09 23:27:42] Fetching org.eclipse.e4.ui.services_1.6.500.v20250123-0754.jar from https://mirrors.jevincanders.net/eclipse/releases/2025-03/202503121000/plugins/ (27.89kB)
[2025-04-09 23:27:42] Fetching junit-platform-suite-engine_1.11.4.jar from https://download.eclipse.org/releases/2025-03/202503121000/plugins/ (26.95kB)
[2025-04-09 23:27:42] Fetching junit-jupiter-migrationsupport_5.11.4.jar from https://download.eclipse.org/releases/2025-03/202503121000/plugins/ (27.47kB)
[2025-04-09 23:27:42] Fetching org.eclipse.jdt.junit4.runtime_1.3.100.v20231214-1952.jar from https://mirrors.jevincanders.net/eclipse/releases/2025-03/202503121000/plugins/ (28.39kB)
[2025-04-09 23:27:42] Fetching org.eclipse.equinox.p2.garbagecollector_1.3.500.v20250129-0521.jar from https://mirror.umd.edu/eclipse/releases/2025-03/202503121000/plugins/ (28.38kB)
[2025-04-09 23:27:42] Fetching org.eclipse.oomph.setup.p2.edit_1.16.0.v20230617-1322.jar from https://mirrors.jevincanders.net/eclipse/releases/2025-03/202503121000/plugins/ (28.73kB)
[2025-04-09 23:27:42] Fetching org.eclipse.jdt.junit5.runtime_1.1.300.v20231214-1952.jar from https://mirrors.jevincanders.net/eclipse/releases/2025-03/202503121000/plugins/ (28.27kB)
[2025-04-09 23:27:42] Fetching org.eclipse.mylyn.ide.ant_4.6.0.v20241229-1209.jar from https://mirrors.jevincanders.net/eclipse/releases/2025-03/202503121000/plugins/ (29.83kB)
[2025-04-09 23:27:42] Fetching org.eclipse.equinox.concurrent_1.3.200.v20250130-0530.jar from https://download.eclipse.org/releases/2025-03/202503121000/plugins/ (29.72kB)
[2025-04-09 23:27:42] Fetching org.eclipse.jgit.http.apache_7.2.0.202503040940-r.jar from https://mirror.umd.edu/eclipse/releases/2025-03/202503121000/plugins/ (28.91kB)
[2025-04-09 23:27:43] Fetching org.eclipse.jgit.archive_7.2.0.202503040940-r.jar from https://mirrors.jevincanders.net/eclipse/releases/2025-03/202503121000/plugins/ (29.88kB)
[2025-04-09 23:27:43] Fetching org.eclipse.m2e.sourcelookup.ui_2.1.0.20241001-1350.jar from https://mirror.umd.edu/eclipse/releases/2025-03/202503121000/plugins/ (29.45kB)
[2025-04-09 23:27:43] Fetching org.osgi.service.metatype_1.4.1.202109301733.jar from https://mirror.umd.edu/eclipse/releases/2025-03/202503121000/plugins/ (29.67kB)
[2025-04-09 23:27:43] Fetching org.eclipse.equinox.simpleconfigurator.manipulator_2.3.400.v20250129-1118.jar from https://mirrors.jevincanders.net/eclipse/releases/2025-03/202503121000/plugins/ (30.31kB)
[2025-04-09 23:27:43] Fetching org.osgi.service.upnp_1.2.1.202109301733.jar from https://mirrors.jevincanders.net/eclipse/releases/2025-03/202503121000/plugins/ (30.58kB)
[2025-04-09 23:27:43] Fetching org.eclipse.ecf.filetransfer.feature_3.15.0.v20250115-0406.jar from https://download.eclipse.org/releases/2025-03/202503121000/features/ (30.95kB)
[2025-04-09 23:27:43] Fetching org.eclipse.e4.core.commands_1.1.500.v20241015-1729.jar from https://mirrors.jevincanders.net/eclipse/releases/2025-03/202503121000/plugins/ (30.83kB)
[2025-04-09 23:27:44] Fetching org.eclipse.equinox.http.jetty_3.9.300.v20250129-0552.jar from https://mirrors.jevincanders.net/eclipse/releases/2025-03/202503121000/plugins/ (30.73kB)
[2025-04-09 23:27:44] Fetching org.eclipse.equinox.jsp.jasper_1.2.200.v20250129-1348.jar from https://mirrors.jevincanders.net/eclipse/releases/2025-03/202503121000/plugins/ (31.04kB)
[2025-04-09 23:27:44] Fetching org.eclipse.e4.ui.css.swt.theme_0.14.500.v20250213-1508.jar from https://mirrors.jevincanders.net/eclipse/releases/2025-03/202503121000/plugins/ (31.53kB)
[2025-04-09 23:27:44] Fetching org.eclipse.equinox.security.macosx_1.102.400.v20250130-0533.jar from https://download.eclipse.org/releases/2025-03/202503121000/plugins/ (30.97kB)
[2025-04-09 23:27:44] Fetching org.eclipse.ecf.filetransfer.httpclient5.feature_1.2.0.v20250122-1953.jar from https://download.eclipse.org/releases/2025-03/202503121000/features/ (31.06kB)
[2025-04-09 23:27:44] Fetching org.eclipse.ecf.filetransfer.httpclientjava.feature_2.1.0.v20250108-1923.jar from https://download.eclipse.org/releases/2025-03/202503121000/features/ (30.88kB)
[2025-04-09 23:27:44] Fetching org.eclipse.m2e.mavenarchiver_2.1.0.20241001-1350.jar from https://mirrors.jevincanders.net/eclipse/releases/2025-03/202503121000/plugins/ (32.61kB)
[2025-04-09 23:27:44] Fetching org.eclipse.jdt.annotation_2.3.100.v20241001-0914.jar from https://mirrors.jevincanders.net/eclipse/releases/2025-03/202503121000/plugins/ (32.45kB)
[2025-04-09 23:27:44] Fetching org.eclipse.mylyn.tasks.index.ui_4.6.0.v20241229-1209.jar from https://mirror.umd.edu/eclipse/releases/2025-03/202503121000/plugins/ (31.58kB)
[2025-04-09 23:27:45] Fetching org.eclipse.equinox.p2.console_1.3.600.v20250118-1432.jar from https://mirrors.jevincanders.net/eclipse/releases/2025-03/202503121000/plugins/ (32.63kB)
[2025-04-09 23:27:45] Fetching org.eclipse.mylyn.wikitext.context.ui_4.6.0.v20241229-1209.jar from https://mirrors.jevincanders.net/eclipse/releases/2025-03/202503121000/plugins/ (33.23kB)
[2025-04-09 23:27:45] Fetching org.eclipse.e4.ui.workbench.renderers.swt.cocoa_0.14.400.v20240525-0701.jar from https://mirrors.jevincanders.net/eclipse/releases/2025-03/202503121000/plugins/ (33.33kB)
[2025-04-09 23:27:45] Fetching org.commonmark-gfm-tables_0.24.0.v20241021-1700.jar from https://mirrors.jevincanders.net/eclipse/releases/2025-03/202503121000/plugins/ (34.13kB)
[2025-04-09 23:27:45] Fetching org.eclipse.mylyn.versions.core_4.6.0.v20241229-1209.jar from https://download.eclipse.org/releases/2025-03/202503121000/plugins/ (33.87kB)
[2025-04-09 23:27:45] Fetching org.objectweb.asm.tree.analysis_9.7.1.jar from https://download.eclipse.org/releases/2025-03/202503121000/plugins/ (34.3kB)
[2025-04-09 23:27:45] Fetching org.eclipse.jface.notifications_0.7.300.v20240707-1119.jar from https://download.eclipse.org/releases/2025-03/202503121000/plugins/ (34.74kB)
[2025-04-09 23:27:45] Fetching org.eclipse.tm.terminal.connector.process_4.9.200.202412281548.jar from https://mirrors.jevincanders.net/eclipse/releases/2025-03/202503121000/plugins/ (35.44kB)
[2025-04-09 23:27:45] Fetching org.eclipse.mylyn.tasks.index.core_4.6.0.v20241229-1209.jar from https://mirrors.jevincanders.net/eclipse/releases/2025-03/202503121000/plugins/ (36.45kB)
[2025-04-09 23:27:45] Fetching org.eclipse.tm.terminal.connector.local_4.8.200.202412281548.jar from https://download.eclipse.org/releases/2025-03/202503121000/plugins/ (33.7kB)
[2025-04-09 23:27:45] Fetching org.eclipse.mylyn.commons.notifications.feed_4.6.0.v20241229-1209.jar from https://mirrors.jevincanders.net/eclipse/releases/2025-03/202503121000/plugins/ (35.02kB)
[2025-04-09 23:27:46] Fetching org.eclipse.equinox.p2.directorywatcher_1.4.500.v20250129-0524.jar from https://mirror.umd.edu/eclipse/releases/2025-03/202503121000/plugins/ (35.19kB)
[2025-04-09 23:27:46] Fetching org.eclipse.equinox.event_1.7.200.v20250129-1349.jar from https://mirrors.jevincanders.net/eclipse/releases/2025-03/202503121000/plugins/ (36.97kB)
[2025-04-09 23:27:46] Fetching org.apache.felix.gogo.command_1.1.2.jar from https://mirrors.jevincanders.net/eclipse/releases/2025-03/202503121000/plugins/ (38.76kB)
[2025-04-09 23:27:46] Fetching org.eclipse.oomph.resources.edit_1.16.0.v20240927-1011.jar from https://download.eclipse.org/releases/2025-03/202503121000/plugins/ (37.29kB)
[2025-04-09 23:27:46] Fetching org.osgi.service.useradmin_1.1.1.202109301733.jar from https://mirrors.jevincanders.net/eclipse/releases/2025-03/202503121000/plugins/ (35.82kB)
[2025-04-09 23:27:46] Fetching org.eclipse.ui.themes_1.2.2700.v20250122-1423.jar from https://mirrors.jevincanders.net/eclipse/releases/2025-03/202503121000/plugins/ (38.4kB)
[2025-04-09 23:27:46] Fetching org.eclipse.mylyn.ide.ui_4.6.0.v20241229-1209.jar from https://download.eclipse.org/releases/2025-03/202503121000/plugins/ (38.92kB)
[2025-04-09 23:27:46] Fetching org.eclipse.equinox.p2.extensionlocation_1.5.500.v20250129-0522.jar from https://mirrors.jevincanders.net/eclipse/releases/2025-03/202503121000/plugins/ (39.14kB)
[2025-04-09 23:27:46] Fetching org.eclipse.mylyn.commons.activity.ui_4.6.0.v20241229-1209.jar from https://download.eclipse.org/releases/2025-03/202503121000/plugins/ (37.08kB)
[2025-04-09 23:27:47] Fetching org.eclipse.mylyn.commons.repositories.http.core_4.6.0.v20241229-1209.jar from https://download.eclipse.org/releases/2025-03/202503121000/plugins/ (39.79kB)
[2025-04-09 23:27:47] Fetching org.eclipse.core.variables_3.6.500.v20240702-1152.jar from https://mirrors.jevincanders.net/eclipse/releases/2025-03/202503121000/plugins/ (38.91kB)
[2025-04-09 23:27:47] Fetching org.eclipse.tm4e.markdown_0.14.1.202412182118.jar from https://download.eclipse.org/releases/2025-03/202503121000/plugins/ (38.53kB)
[2025-04-09 23:27:47] Fetching org.eclipse.mylyn.debug.ui_4.6.0.v20241229-1209.jar from https://mirrors.jevincanders.net/eclipse/releases/2025-03/202503121000/plugins/ (40.13kB)
[2025-04-09 23:27:47] Fetching org.eclipse.oomph.workingsets.edit_1.13.0.v20230204-0932.jar from https://mirrors.jevincanders.net/eclipse/releases/2025-03/202503121000/plugins/ (40.14kB)
[2025-04-09 23:27:47] Fetching org.eclipse.mylyn.commons.xmlrpc_4.6.0.v20241229-1209.jar from https://download.eclipse.org/releases/2025-03/202503121000/plugins/ (40.86kB)
[2025-04-09 23:27:47] Fetching org.eclipse.equinox.frameworkadmin_2.3.300.v20250129-0943.jar from https://mirrors.jevincanders.net/eclipse/releases/2025-03/202503121000/plugins/ (40.52kB)
[2025-04-09 23:27:47] Fetching org.eclipse.equinox.p2.discovery_1.3.500.v20241203-1145.jar from https://download.eclipse.org/releases/2025-03/202503121000/plugins/ (41.53kB)
[2025-04-09 23:27:47] Fetching org.eclipse.jdt.apt.pluggable.core_1.4.600.v20241001-0914.jar from https://mirrors.jevincanders.net/eclipse/releases/2025-03/202503121000/plugins/ (42.1kB)
[2025-04-09 23:27:48] Fetching org.eclipse.core.externaltools_1.3.400.v20240413-1529.jar from https://mirrors.jevincanders.net/eclipse/releases/2025-03/202503121000/plugins/ (42.82kB)
[2025-04-09 23:27:48] Fetching org.eclipse.m2e.jdt.ui_2.1.0.20241001-1350.jar from https://download.eclipse.org/releases/2025-03/202503121000/plugins/ (41.47kB)
[2025-04-09 23:27:48] Fetching org.eclipse.jgit.ssh.apache.agent_7.2.0.202503040940-r.jar from https://download.eclipse.org/releases/2025-03/202503121000/plugins/ (41.52kB)
[2025-04-09 23:27:48] Fetching org.osgi.service.wireadmin_1.0.2.202109301733.jar from https://mirror.umd.edu/eclipse/releases/2025-03/202503121000/plugins/ (42.85kB)
[2025-04-09 23:27:48] Fetching org.eclipse.mylyn.monitor.core_4.6.0.v20241229-1209.jar from https://mirrors.jevincanders.net/eclipse/releases/2025-03/202503121000/plugins/ (43.01kB)
[2025-04-09 23:27:49] Fetching org.eclipse.e4.core.di.extensions.supplier_0.17.700.v20250122-1648.jar from https://download.eclipse.org/releases/2025-03/202503121000/plugins/ (42.95kB)
[2025-04-09 23:27:49] Fetching org.eclipse.equinox.launcher.cocoa.macosx.aarch64_1.2.1200.v20250212-0927.jar from https://mirrors.jevincanders.net/eclipse/releases/2025-03/202503121000/plugins/ (43.08kB)
[2025-04-09 23:27:49] Fetching org.eclipse.nebula.widgets.tablecombo_1.2.0.202402011804.jar from https://mirrors.jevincanders.net/eclipse/releases/2025-03/202503121000/plugins/ (43.09kB)
[2025-04-09 23:27:49] Fetching org.eclipse.m2e.profiles.ui_2.1.0.20241001-1350.jar from https://download.eclipse.org/releases/2025-03/202503121000/plugins/ (44.66kB)
[2025-04-09 23:27:49] Fetching org.eclipse.userstorage.ui_1.1.0.v20190307-0457.jar from https://download.eclipse.org/releases/2025-03/202503121000/plugins/ (44.88kB)
[2025-04-09 23:27:49] Fetching org.eclipse.tm4e.registry_0.14.1.202412182118.jar from https://mirrors.jevincanders.net/eclipse/releases/2025-03/202503121000/plugins/ (43.97kB)
[2025-04-09 23:27:49] Fetching org.eclipse.oomph.jreinfo_1.21.0.v20250228-0749.jar from https://mirrors.jevincanders.net/eclipse/releases/2025-03/202503121000/plugins/ (45.25kB)
[2025-04-09 23:27:49] Fetching org.apache.ws.commons.util_1.0.2.v20230723-0712.jar from https://download.eclipse.org/releases/2025-03/202503121000/plugins/ (43.94kB)
[2025-04-09 23:27:49] Fetching org.eclipse.jsch.core_1.5.500.v20240626-2102.jar from https://mirror.umd.edu/eclipse/releases/2025-03/202503121000/plugins/ (44.99kB)
[2025-04-09 23:27:50] Fetching org.eclipse.jdt_3.19.800.v20250228-0140.jar from https://mirrors.jevincanders.net/eclipse/releases/2025-03/202503121000/plugins/ (46.17kB)
[2025-04-09 23:27:50] Fetching org.eclipse.tm.terminal.view.core_4.10.400.202501070137.jar from https://mirror.umd.edu/eclipse/releases/2025-03/202503121000/plugins/ (45.64kB)
[2025-04-09 23:27:50] Fetching org.eclipse.mylyn.wikitext.ant_4.6.0.v20241229-1209.jar from https://mirrors.jevincanders.net/eclipse/releases/2025-03/202503121000/plugins/ (47.98kB)
[2025-04-09 23:27:50] Fetching org.eclipse.mylyn.wikitext.twiki_4.6.0.v20241229-1209.jar from https://mirrors.jevincanders.net/eclipse/releases/2025-03/202503121000/plugins/ (48.42kB)
[2025-04-09 23:27:50] Fetching org.eclipse.mylyn.commons.identity.core_4.6.0.v20241229-1209.jar from https://mirrors.jevincanders.net/eclipse/releases/2025-03/202503121000/plugins/ (48.53kB)
[2025-04-09 23:27:50] Fetching org.eclipse.equinox.launcher_1.6.1000.v20250227-1734.jar from https://download.eclipse.org/releases/2025-03/202503121000/plugins/ (48.64kB)
[2025-04-09 23:27:51] Fetching org.osgi.service.event_1.4.1.202109301733.jar from https://download.eclipse.org/releases/2025-03/202503121000/plugins/ (46.59kB)
[2025-04-09 23:27:51] Fetching org.eclipse.ui.net_1.5.400.v20240413-1529.jar from https://download.eclipse.org/releases/2025-03/202503121000/plugins/ (47.76kB)
[2025-04-09 23:27:51] Fetching org.eclipse.mylyn.wikitext.html_4.6.0.v20241229-1209.jar from https://mirrors.jevincanders.net/eclipse/releases/2025-03/202503121000/plugins/ (49.32kB)
[2025-04-09 23:27:51] Fetching org.eclipse.mylyn.wikitext.tasks.ui_4.6.0.v20241229-1209.jar from https://mirror.umd.edu/eclipse/releases/2025-03/202503121000/plugins/ (48.92kB)
[2025-04-09 23:27:51] Fetching org.eclipse.equinox.p2.transport.ecf_1.4.400.v20250129-1119.jar from https://mirrors.jevincanders.net/eclipse/releases/2025-03/202503121000/plugins/ (49.5kB)
[2025-04-09 23:27:51] Fetching org.eclipse.oomph.workingsets_1.14.0.v20230617-1322.jar from https://mirrors.jevincanders.net/eclipse/releases/2025-03/202503121000/plugins/ (49.9kB)
[2025-04-09 23:27:51] Fetching org.eclipse.e4.ui.bindings_0.14.500.v20241015-1729.jar from https://mirrors.jevincanders.net/eclipse/releases/2025-03/202503121000/plugins/ (50.04kB)
[2025-04-09 23:27:52] Fetching org.eclipse.m2e.apt.ui_2.0.500.20241001-1350.jar from https://download.eclipse.org/releases/2025-03/202503121000/plugins/ (46.74kB)
[2025-04-09 23:27:52] Fetching org.eclipse.wst.common.uriresolver_1.4.0.v202308161955.jar from https://download.eclipse.org/releases/2025-03/202503121000/plugins/ (50.39kB)
[2025-04-09 23:27:52] Fetching org.objectweb.asm.tree_9.7.1.jar from https://mirror.umd.edu/eclipse/releases/2025-03/202503121000/plugins/ (50.72kB)
[2025-04-09 23:27:52] Fetching org.eclipse.equinox.http.registry_1.4.200.v20250130-0529.jar from https://mirrors.jevincanders.net/eclipse/releases/2025-03/202503121000/plugins/ (51.36kB)
[2025-04-09 23:27:53] Fetching org.eclipse.mylyn.monitor.ui_4.6.0.v20241229-1209.jar from https://mirrors.jevincanders.net/eclipse/releases/2025-03/202503121000/plugins/ (52.46kB)
[2025-04-09 23:27:53] Fetching org.eclipse.jgit.gpg.bc_7.2.0.202503040940-r.jar from https://mirror.umd.edu/eclipse/releases/2025-03/202503121000/plugins/ (51.45kB)
[2025-04-09 23:27:53] Fetching org.eclipse.mylyn.commons.repositories.core_4.6.0.v20241229-1209.jar from https://mirror.umd.edu/eclipse/releases/2025-03/202503121000/plugins/ (52.09kB)
[2025-04-09 23:27:53] Fetching org.eclipse.wst.common.environment_1.1.0.v202308161955.jar from https://mirrors.jevincanders.net/eclipse/releases/2025-03/202503121000/plugins/ (52.73kB)
[2025-04-09 23:27:53] Fetching org.eclipse.equinox.p2.reconciler.dropins_1.5.500.v20250129-1128.jar from https://mirrors.jevincanders.net/eclipse/releases/2025-03/202503121000/plugins/ (53.66kB)
[2025-04-09 23:27:53] Fetching org.eclipse.tm.terminal.connector.telnet_4.8.200.202501070137.jar from https://download.eclipse.org/releases/2025-03/202503121000/plugins/ (55.35kB)
[2025-04-09 23:27:54] Fetching org.osgi.service.cm_1.6.1.202109301733.jar from https://mirror.umd.edu/eclipse/releases/2025-03/202503121000/plugins/ (54.28kB)
[2025-04-09 23:27:54] Fetching org.eclipse.equinox.simpleconfigurator_1.5.400.v20250129-0942.jar from https://mirrors.jevincanders.net/eclipse/releases/2025-03/202503121000/plugins/ (55.35kB)
[2025-04-09 23:27:54] Fetching org.eclipse.equinox.bidi_1.5.200.v20250129-1129.jar from https://mirror.umd.edu/eclipse/releases/2025-03/202503121000/plugins/ (54.44kB)
[2025-04-09 23:27:54] Fetching org.eclipse.oomph.setup.p2_1.22.0.v20250302-1233.jar from https://mirrors.jevincanders.net/eclipse/releases/2025-03/202503121000/plugins/ (54.22kB)
[2025-04-09 23:27:54] Fetching org.eclipse.urischeme_1.3.500.v20240913-1323.jar from https://mirrors.jevincanders.net/eclipse/releases/2025-03/202503121000/plugins/ (56.9kB)
[2025-04-09 23:27:54] Fetching org.eclipse.oomph.p2.edit_1.17.0.v20230204-0932.jar from https://mirror.umd.edu/eclipse/releases/2025-03/202503121000/plugins/ (55.85kB)
[2025-04-09 23:27:54] Fetching org.eclipse.ecf.discovery_5.3.0.v20241230-2050.jar from https://download.eclipse.org/releases/2025-03/202503121000/plugins/ (57.55kB)
[2025-04-09 23:27:55] Fetching org.eclipse.ecf.filetransfer_5.1.103.v20230705-0614.jar from https://mirrors.jevincanders.net/eclipse/releases/2025-03/202503121000/plugins/ (57.16kB)
[2025-04-09 23:27:55] Fetching org.eclipse.tips.ui_0.3.500.v20241126-1843.jar from https://mirror.umd.edu/eclipse/releases/2025-03/202503121000/plugins/ (55.39kB)
[2025-04-09 23:27:55] Fetching org.apache.felix.gogo.shell_1.1.4.jar from https://mirror.umd.edu/eclipse/releases/2025-03/202503121000/plugins/ (57.69kB)
[2025-04-09 23:27:55] Fetching org.eclipse.e4.core.contexts_1.13.100.v20250122-1647.jar from https://mirrors.jevincanders.net/eclipse/releases/2025-03/202503121000/plugins/ (58.86kB)
[2025-04-09 23:27:55] Fetching org.eclipse.cdt.core.macosx_12.0.0.202502260302.jar from https://download.eclipse.org/releases/2025-03/202503121000/plugins/ (57.3kB)
[2025-04-09 23:27:55] Fetching org.eclipse.oomph.predicates.edit_1.15.0.v20230416-0642.jar from https://download.eclipse.org/releases/2025-03/202503121000/plugins/ (60.03kB)
[2025-04-09 23:27:56] Fetching org.eclipse.userstorage.oauth_1.1.0.v20190307-0457.jar from https://download.eclipse.org/releases/2025-03/202503121000/plugins/ (58.26kB)
[2025-04-09 23:27:56] Fetching org.apache.commons.logging_1.2.0.jar from https://mirrors.jevincanders.net/eclipse/releases/2025-03/202503121000/plugins/ (60.38kB)
[2025-04-09 23:27:56] Fetching org.eclipse.search.core_3.16.400.v20241111-2025.jar from https://mirrors.jevincanders.net/eclipse/releases/2025-03/202503121000/plugins/ (60.55kB)
[2025-04-09 23:27:56] Fetching org.eclipse.jdt.junit.runtime_3.7.600.v20250118-1031.jar from https://mirrors.jevincanders.net/eclipse/releases/2025-03/202503121000/plugins/ (60.7kB)
[2025-04-09 23:27:56] Fetching org.eclipse.oomph.jreinfo.ui_1.18.0.v20250131-0848.jar from https://download.eclipse.org/releases/2025-03/202503121000/plugins/ (58.87kB)
[2025-04-09 23:27:56] Fetching org.eclipse.jdt.launching.ui.macosx_1.4.300.v20240321-1645.jar from https://mirrors.jevincanders.net/eclipse/releases/2025-03/202503121000/plugins/ (61.19kB)
[2025-04-09 23:27:57] Fetching org.eclipse.equinox.p2.discovery.compatibility_1.3.600.v20250129-0523.jar from https://mirrors.jevincanders.net/eclipse/releases/2025-03/202503121000/plugins/ (62.83kB)
[2025-04-09 23:27:57] Fetching org.eclipse.m2e.scm_2.1.0.20241001-1350.jar from https://mirrors.jevincanders.net/eclipse/releases/2025-03/202503121000/plugins/ (64.08kB)
[2025-04-09 23:27:57] Fetching org.eclipse.wst.common.core_1.4.100.v202103232321.jar from https://download.eclipse.org/releases/2025-03/202503121000/plugins/ (61.82kB)
[2025-04-09 23:27:57] Fetching org.eclipse.e4.core.di_1.9.500.v20240606-1236.jar from https://mirrors.jevincanders.net/eclipse/releases/2025-03/202503121000/plugins/ (64.39kB)
[2025-04-09 23:27:57] Fetching org.eclipse.mylyn.commons.notifications.ui_4.6.0.v20241229-1209.jar from https://download.eclipse.org/releases/2025-03/202503121000/plugins/ (62.66kB)
[2025-04-09 23:27:57] Fetching org.eclipse.tm.terminal.connector.ssh_4.8.400.202501171425.jar from https://download.eclipse.org/releases/2025-03/202503121000/plugins/ (63.84kB)
[2025-04-09 23:27:58] Fetching org.osgi.service.component_1.5.1.202212101352.jar from https://download.eclipse.org/releases/2025-03/202503121000/plugins/ (64.89kB)
[2025-04-09 23:27:58] Fetching org.eclipse.mylyn.wikitext.tracwiki_4.6.0.v20250108-1719.jar from https://mirrors.jevincanders.net/eclipse/releases/2025-03/202503121000/plugins/ (65.17kB)
[2025-04-09 23:27:58] Fetching org.eclipse.ui.monitoring_1.3.400.v20240905-1240.jar from https://mirrors.jevincanders.net/eclipse/releases/2025-03/202503121000/plugins/ (64.98kB)
[2025-04-09 23:27:58] Fetching junit-vintage-engine_5.11.4.jar from https://mirrors.jevincanders.net/eclipse/releases/2025-03/202503121000/plugins/ (67kB)
[2025-04-09 23:27:58] Fetching org.eclipse.e4.ui.dialogs_1.6.0.v20250131-1354.jar from https://mirror.umd.edu/eclipse/releases/2025-03/202503121000/plugins/ (67.12kB)
[2025-04-09 23:27:59] Fetching org.eclipse.equinox.p2.jarprocessor_1.3.500.v20250129-0523.jar from https://mirrors.jevincanders.net/eclipse/releases/2025-03/202503121000/plugins/ (67.26kB)
[2025-04-09 23:27:59] Fetching org.eclipse.m2e.apt.core_2.3.0.20241001-1350.jar from https://download.eclipse.org/releases/2025-03/202503121000/plugins/ (67.8kB)
[2025-04-09 23:27:59] Fetching org.eclipse.mylyn.tasks.search_4.6.0.v20241229-1209.jar from https://mirrors.jevincanders.net/eclipse/releases/2025-03/202503121000/plugins/ (70.16kB)
[2025-04-09 23:27:59] Fetching org.eclipse.ecf.identity_3.10.0.v20240812-1535.jar from https://mirrors.jevincanders.net/eclipse/releases/2025-03/202503121000/plugins/ (70.74kB)
[2025-04-09 23:27:59] Fetching org.eclipse.mylyn.resources.ui_4.6.0.v20241229-1209.jar from https://download.eclipse.org/releases/2025-03/202503121000/plugins/ (67.95kB)
[2025-04-09 23:27:59] Fetching org.eclipse.oomph.p2_1.17.0.v20230617-1322.jar from https://mirrors.jevincanders.net/eclipse/releases/2025-03/202503121000/plugins/ (71.35kB)
[2025-04-09 23:27:59] Fetching org.eclipse.oomph.base.edit_1.18.0.v20240826-0747.jar from https://download.eclipse.org/releases/2025-03/202503121000/plugins/ (69.05kB)
[2025-04-09 23:27:59] Fetching org.eclipse.compare.core_3.8.700.v20250120-0641.jar from https://download.eclipse.org/releases/2025-03/202503121000/plugins/ (71.18kB)
[2025-04-09 23:28:00] Fetching org.objectweb.asm.commons_9.7.1.jar from https://mirrors.jevincanders.net/eclipse/releases/2025-03/202503121000/plugins/ (71.74kB)
[2025-04-09 23:28:00] Fetching org.eclipse.equinox.p2.director.app_1.3.600.v20250129-0527.jar from https://mirror.umd.edu/eclipse/releases/2025-03/202503121000/plugins/ (71.51kB)
[2025-04-09 23:28:00] Fetching org.eclipse.cdt.core.native_6.3.600.202412281548.jar from https://mirrors.jevincanders.net/eclipse/releases/2025-03/202503121000/plugins/ (71.83kB)
[2025-04-09 23:28:00] Fetching org.eclipse.oomph.predicates_1.19.0.v20241013-1021.jar from https://mirrors.jevincanders.net/eclipse/releases/2025-03/202503121000/plugins/ (73.65kB)
[2025-04-09 23:28:00] Fetching org.eclipse.oomph.base_1.18.0.v20230617-1322.jar from https://mirror.umd.edu/eclipse/releases/2025-03/202503121000/plugins/ (73.45kB)
[2025-04-09 23:28:00] Fetching org.apache.commons.cli_1.9.0.jar from https://mirrors.jevincanders.net/eclipse/releases/2025-03/202503121000/plugins/ (73.71kB)
[2025-04-09 23:28:01] Fetching org.eclipse.equinox.frameworkadmin.equinox_1.3.300.v20250201-0550.jar from https://mirror.umd.edu/eclipse/releases/2025-03/202503121000/plugins/ (74.17kB)
[2025-04-09 23:28:01] Fetching org.apache.xmlrpc.client_3.1.3.v20160817-1930.jar from https://mirror.umd.edu/eclipse/releases/2025-03/202503121000/plugins/ (73.89kB)
[2025-04-09 23:28:01] Fetching org.eclipse.e4.core.services_2.5.100.v20250131-1039.jar from https://download.eclipse.org/releases/2025-03/202503121000/plugins/ (74.46kB)
[2025-04-09 23:28:01] Fetching org.eclipse.jetty.ee8.security_12.0.16.jar from https://mirrors.jevincanders.net/eclipse/releases/2025-03/202503121000/plugins/ (74.34kB)
[2025-04-09 23:28:01] Fetching org.eclipse.jdt.apt.ui_3.8.600.v20250127-0759.jar from https://mirrors.jevincanders.net/eclipse/releases/2025-03/202503121000/plugins/ (75.61kB)
[2025-04-09 23:28:01] Fetching org.eclipse.core.net_1.5.600.v20250124-0919.jar from https://mirrors.jevincanders.net/eclipse/releases/2025-03/202503121000/plugins/ (76.1kB)
[2025-04-09 23:28:01] Fetching org.eclipse.core.filesystem_1.11.100.v20241022-0806.jar from https://mirrors.jevincanders.net/eclipse/releases/2025-03/202503121000/plugins/ (77.16kB)
[2025-04-09 23:28:02] Fetching org.eclipse.m2e.discovery_2.1.0.20241001-1350.jar from https://mirror.umd.edu/eclipse/releases/2025-03/202503121000/plugins/ (78.06kB)
[2025-04-09 23:28:02] Fetching org.eclipse.mylyn.github.core_6.7.0.v20241229-1209.jar from https://mirror.umd.edu/eclipse/releases/2025-03/202503121000/plugins/ (78.11kB)
[2025-04-09 23:28:02] Fetching org.eclipse.mylyn.wikitext.mediawiki_4.6.0.v20241229-1209.jar from https://mirrors.jevincanders.net/eclipse/releases/2025-03/202503121000/plugins/ (80.32kB)
[2025-04-09 23:28:02] Fetching org.eclipse.m2e.refactoring_2.1.0.20241001-1350.jar from https://mirror.umd.edu/eclipse/releases/2025-03/202503121000/plugins/ (78.68kB)
[2025-04-09 23:28:02] Fetching org.eclipse.core.runtime_3.33.0.v20250206-0919.jar from https://mirrors.jevincanders.net/eclipse/releases/2025-03/202503121000/plugins/ (81.24kB)
[2025-04-09 23:28:02] Fetching org.eclipse.mylyn.wikitext.markdown_4.6.0.v20241229-1209.jar from https://mirrors.jevincanders.net/eclipse/releases/2025-03/202503121000/plugins/ (81.43kB)
[2025-04-09 23:28:03] Fetching org.eclipse.equinox.p2.ui.sdk_1.3.400.v20250129-1122.jar from https://download.eclipse.org/releases/2025-03/202503121000/plugins/ (82.44kB)
[2025-04-09 23:28:03] Fetching org.eclipse.core.databinding.beans_1.10.300.v20240321-1245.jar from https://download.eclipse.org/releases/2025-03/202503121000/plugins/ (83.46kB)
[2025-04-09 23:28:03] Fetching org.eclipse.equinox.p2.operations_2.7.500.v20250129-0944.jar from https://mirrors.jevincanders.net/eclipse/releases/2025-03/202503121000/plugins/ (81.52kB)
[2025-04-09 23:28:03] Fetching org.eclipse.equinox.p2.core_2.13.0.v20250129-0522.jar from https://mirrors.jevincanders.net/eclipse/releases/2025-03/202503121000/plugins/ (83.61kB)
[2025-04-09 23:28:03] Fetching org.eclipse.m2e.refactoring_2.1.0.20241001-1350.jar from https://mirror.umd.edu/eclipse/releases/2025-03/202503121000/plugins/
[2025-04-09 23:28:03] Fetching org.eclipse.jdt.ui_3.34.0.v20250213-2215.jar from https://download.eclipse.org/releases/2025-03/202503121000/plugins/ (9.74MB)
[2025-04-09 23:28:03] Fetching com.ibm.icu_76.1.0.jar from https://mirrors.jevincanders.net/eclipse/releases/2025-03/202503121000/plugins/ (13.94MB)
[2025-04-09 23:28:03] Fetching org.eclipse.jdt.doc.user_3.15.2500.v20250224-1707.jar from https://mirrors.jevincanders.net/eclipse/releases/2025-03/202503121000/plugins/ (9.17MB)
[2025-04-09 23:28:04] Fetching org.osgi.util.promise_1.3.0.202212101352.jar from https://download.eclipse.org/releases/2025-03/202503121000/plugins/ (83.65kB)
[2025-04-09 23:28:04] Fetching bcprov_1.80.0.jar from https://mirror.umd.edu/eclipse/releases/2025-03/202503121000/plugins/ (8.28MB)
[2025-04-09 23:28:04] Fetching org.eclipse.wildwebdeveloper.xml_1.3.6.202409052135.jar from https://mirrors.jevincanders.net/eclipse/releases/2025-03/202503121000/plugins/ (8.16MB)
[2025-04-09 23:28:04] Fetching org.eclipse.jdt.ui_3.34.0.v20250213-2215.jar from https://download.eclipse.org/releases/2025-03/202503121000/plugins/
[2025-04-09 23:28:04] Fetching org.eclipse.m2e.maven.runtime_3.9.900.20250220-2013.jar from https://mirrors.jevincanders.net/eclipse/releases/2025-03/202503121000/plugins/ (5.58MB)
[2025-04-09 23:28:04] Fetching com.ibm.icu_76.1.0.jar from https://mirrors.jevincanders.net/eclipse/releases/2025-03/202503121000/plugins/
[2025-04-09 23:28:04] Fetching org.eclipse.jdt.doc.user_3.15.2500.v20250224-1707.jar from https://mirrors.jevincanders.net/eclipse/releases/2025-03/202503121000/plugins/
[2025-04-09 23:28:05] Fetching org.eclipse.egit.doc_7.2.0.202503040940-r.jar from https://download.eclipse.org/releases/2025-03/202503121000/plugins/ (5.1MB)
[2025-04-09 23:28:05] Fetching org.apache.lucene.core_10.1.0.v20241221-1000.jar from https://download.eclipse.org/releases/2025-03/202503121000/plugins/ (4.35MB)
[2025-04-09 23:28:05] Fetching org.eclipse.wildwebdeveloper.xml_1.3.6.202409052135.jar from https://mirrors.jevincanders.net/eclipse/releases/2025-03/202503121000/plugins/
[2025-04-09 23:28:05] Fetching bcprov_1.80.0.jar from https://mirror.umd.edu/eclipse/releases/2025-03/202503121000/plugins/
[2025-04-09 23:28:05] Fetching org.eclipse.m2e.maven.runtime_3.9.900.20250220-2013.jar from https://mirrors.jevincanders.net/eclipse/releases/2025-03/202503121000/plugins/
[2025-04-09 23:28:05] Fetching org.eclipse.jdt.core.manipulation_1.22.0.v20250212-0215.jar from https://mirror.umd.edu/eclipse/releases/2025-03/202503121000/plugins/ (4.29MB)
[2025-04-09 23:28:06] Fetching org.eclipse.jdt.core_3.41.0.v20250213-2010.jar from https://download.eclipse.org/releases/2025-03/202503121000/plugins/ (4.18MB)
[2025-04-09 23:28:06] Fetching org.eclipse.egit.doc_7.2.0.202503040940-r.jar from https://download.eclipse.org/releases/2025-03/202503121000/plugins/
[2025-04-09 23:28:06] Fetching org.apache.lucene.core_10.1.0.v20241221-1000.jar from https://download.eclipse.org/releases/2025-03/202503121000/plugins/
[2025-04-09 23:28:06] Fetching org.eclipse.jdt.core.manipulation_1.22.0.v20250212-0215.jar from https://mirror.umd.edu/eclipse/releases/2025-03/202503121000/plugins/
[2025-04-09 23:28:07] Fetching org.eclipse.jdt.core_3.41.0.v20250213-2010.jar from https://download.eclipse.org/releases/2025-03/202503121000/plugins/
[2025-04-09 23:28:10] Fetching org.eclipse.platform.doc.user_4.35.0.v20250224-1707.jar from https://mirrors.jevincanders.net/eclipse/releases/2025-03/202503121000/plugins/ (4.17MB)
[2025-04-09 23:28:11] Fetching org.eclipse.platform.doc.user_4.35.0.v20250224-1707.jar from https://mirrors.jevincanders.net/eclipse/releases/2025-03/202503121000/plugins/
[2025-04-09 23:28:30] Fetching org.eclipse.egit.ui_7.2.0.202503040940-r.jar from https://download.eclipse.org/releases/2025-03/202503121000/plugins/ (3.93MB)
[2025-04-09 23:28:31] Fetching org.eclipse.egit.ui_7.2.0.202503040940-r.jar from https://download.eclipse.org/releases/2025-03/202503121000/plugins/
[2025-04-09 23:28:35] Fetching org.eclipse.ui.workbench_3.135.0.v20250204-1142.jar from https://mirrors.jevincanders.net/eclipse/releases/2025-03/202503121000/plugins/ (3.52MB)
[2025-04-09 23:28:36] Fetching org.eclipse.ui.workbench_3.135.0.v20250204-1142.jar from https://mirrors.jevincanders.net/eclipse/releases/2025-03/202503121000/plugins/
[2025-04-09 23:28:37] Fetching org.apache.lucene.analysis-smartcn_10.1.0.v20241221-1000.jar from https://mirrors.jevincanders.net/eclipse/releases/2025-03/202503121000/plugins/ (3.44MB)
[2025-04-09 23:28:37] Fetching org.apache.ant_1.10.15.v20240901-1000.jar from https://download.eclipse.org/releases/2025-03/202503121000/plugins/ (3.3MB)
[2025-04-09 23:28:38] Fetching org.apache.lucene.analysis-smartcn_10.1.0.v20241221-1000.jar from https://mirrors.jevincanders.net/eclipse/releases/2025-03/202503121000/plugins/
[2025-04-09 23:28:39] Fetching org.apache.ant_1.10.15.v20240901-1000.jar from https://download.eclipse.org/releases/2025-03/202503121000/plugins/
[2025-04-09 23:28:44] Fetching biz.aQute.bndlib_7.1.0.202411251545.jar from https://mirror.umd.edu/eclipse/releases/2025-03/202503121000/plugins/ (3.28MB)
[2025-04-09 23:28:45] Fetching biz.aQute.bndlib_7.1.0.202411251545.jar from https://mirror.umd.edu/eclipse/releases/2025-03/202503121000/plugins/
[2025-04-09 23:28:45] Fetching org.eclipse.jdt.core.compiler.batch_3.41.0.v20250213-1140.jar from https://download.eclipse.org/releases/2025-03/202503121000/plugins/ (3.17MB)
[2025-04-09 23:28:46] Fetching org.eclipse.jdt.core.compiler.batch_3.41.0.v20250213-1140.jar from https://download.eclipse.org/releases/2025-03/202503121000/plugins/
[2025-04-09 23:28:54] Fetching org.gradle.toolingapi_8.9.0.v20240802-1314.jar from https://mirrors.jevincanders.net/eclipse/releases/2025-03/202503121000/plugins/ (3.15MB)
[2025-04-09 23:28:55] Fetching org.eclipse.jgit_7.2.0.202503040940-r.jar from https://mirrors.jevincanders.net/eclipse/releases/2025-03/202503121000/plugins/ (3.13MB)
[2025-04-09 23:28:55] Fetching org.eclipse.debug.ui_3.18.700.v20250122-1213.jar from https://mirrors.jevincanders.net/eclipse/releases/2025-03/202503121000/plugins/ (3.06MB)
[2025-04-09 23:28:56] Fetching org.gradle.toolingapi_8.9.0.v20240802-1314.jar from https://mirrors.jevincanders.net/eclipse/releases/2025-03/202503121000/plugins/
[2025-04-09 23:28:56] Fetching org.eclipse.jgit_7.2.0.202503040940-r.jar from https://mirrors.jevincanders.net/eclipse/releases/2025-03/202503121000/plugins/
[2025-04-09 23:28:56] Fetching org.eclipse.debug.ui_3.18.700.v20250122-1213.jar from https://mirrors.jevincanders.net/eclipse/releases/2025-03/202503121000/plugins/
[2025-04-09 23:28:58] Fetching com.google.guava_33.4.0.jre.jar from https://mirror.umd.edu/eclipse/releases/2025-03/202503121000/plugins/ (2.94MB)
[2025-04-09 23:28:59] Fetching org.eclipse.swt.cocoa.macosx.aarch64_3.129.0.v20250221-1734.jar from https://mirrors.jevincanders.net/eclipse/releases/2025-03/202503121000/plugins/ (2.6MB)
[2025-04-09 23:28:59] Fetching org.eclipse.oomph.setup.doc_1.15.0.v20250302-1233.jar from https://mirror.umd.edu/eclipse/releases/2025-03/202503121000/plugins/ (2.5MB)
[2025-04-09 23:28:59] Fetching org.eclipse.ui.ide_3.22.500.v20250124-0833.jar from https://mirrors.jevincanders.net/eclipse/releases/2025-03/202503121000/plugins/ (2.33MB)
[2025-04-09 23:28:59] Fetching com.google.guava_33.4.0.jre.jar from https://mirror.umd.edu/eclipse/releases/2025-03/202503121000/plugins/
[2025-04-09 23:29:00] Fetching org.eclipse.swt.cocoa.macosx.aarch64_3.129.0.v20250221-1734.jar from https://mirrors.jevincanders.net/eclipse/releases/2025-03/202503121000/plugins/
[2025-04-09 23:29:00] Fetching org.eclipse.oomph.setup.doc_1.15.0.v20250302-1233.jar from https://mirror.umd.edu/eclipse/releases/2025-03/202503121000/plugins/
[2025-04-09 23:29:00] Fetching org.eclipse.ui.intro.universal_3.5.400.v20240414-1916.jar from https://mirror.umd.edu/eclipse/releases/2025-03/202503121000/plugins/ (2.1MB)
[2025-04-09 23:29:00] Fetching org.eclipse.ui.ide_3.22.500.v20250124-0833.jar from https://mirrors.jevincanders.net/eclipse/releases/2025-03/202503121000/plugins/
[2025-04-09 23:29:01] Fetching org.eclipse.ui.intro.universal_3.5.400.v20240414-1916.jar from https://mirror.umd.edu/eclipse/releases/2025-03/202503121000/plugins/
[2025-04-09 23:29:02] Fetching com.sun.jna_5.16.0.v20241222-1200.jar from https://mirrors.jevincanders.net/eclipse/releases/2025-03/202503121000/plugins/ (1.92MB)
[2025-04-09 23:29:03] Fetching com.sun.jna_5.16.0.v20241222-1200.jar from https://mirrors.jevincanders.net/eclipse/releases/2025-03/202503121000/plugins/
[2025-04-09 23:29:07] Fetching org.eclipse.mylyn.tasks.ui_4.6.0.v20241229-1209.jar from https://mirrors.jevincanders.net/eclipse/releases/2025-03/202503121000/plugins/ (1.84MB)
[2025-04-09 23:29:08] Fetching org.apache.sshd.osgi_2.15.0.jar from https://mirrors.jevincanders.net/eclipse/releases/2025-03/202503121000/plugins/ (1.82MB)
[2025-04-09 23:29:08] Fetching org.eclipse.mylyn.tasks.ui_4.6.0.v20241229-1209.jar from https://mirrors.jevincanders.net/eclipse/releases/2025-03/202503121000/plugins/
[2025-04-09 23:29:08] Fetching org.jcodings_1.0.61.v20250117-1000.jar from https://download.eclipse.org/releases/2025-03/202503121000/plugins/ (1.74MB)
[2025-04-09 23:29:08] Fetching org.apache.lucene.analysis-common_10.1.0.v20241221-1000.jar from https://mirror.umd.edu/eclipse/releases/2025-03/202503121000/plugins/ (1.75MB)
[2025-04-09 23:29:09] Fetching org.apache.sshd.osgi_2.15.0.jar from https://mirrors.jevincanders.net/eclipse/releases/2025-03/202503121000/plugins/
[2025-04-09 23:29:09] Fetching org.jcodings_1.0.61.v20250117-1000.jar from https://download.eclipse.org/releases/2025-03/202503121000/plugins/
[2025-04-09 23:29:09] Fetching org.apache.lucene.analysis-common_10.1.0.v20241221-1000.jar from https://mirror.umd.edu/eclipse/releases/2025-03/202503121000/plugins/
[2025-04-09 23:29:11] Fetching org.eclipse.jdt.debug.ui_3.14.0.v20250211-0925.jar from https://mirrors.jevincanders.net/eclipse/releases/2025-03/202503121000/plugins/ (1.71MB)
[2025-04-09 23:29:11] Fetching org.eclipse.osgi_3.23.0.v20250228-0640.jar from https://mirrors.jevincanders.net/eclipse/releases/2025-03/202503121000/plugins/ (1.49MB)
[2025-04-09 23:29:12] Fetching org.apache.xerces_2.12.2.v20230928-1306.jar from https://mirrors.jevincanders.net/eclipse/releases/2025-03/202503121000/plugins/ (1.49MB)
[2025-04-09 23:29:12] Fetching org.eclipse.jdt.debug.ui_3.14.0.v20250211-0925.jar from https://mirrors.jevincanders.net/eclipse/releases/2025-03/202503121000/plugins/
[2025-04-09 23:29:12] Fetching org.eclipse.team.ui_3.11.0.v20250120-0641.jar from https://mirror.umd.edu/eclipse/releases/2025-03/202503121000/plugins/ (1.43MB)
[2025-04-09 23:29:12] Fetching org.eclipse.osgi_3.23.0.v20250228-0640.jar from https://mirrors.jevincanders.net/eclipse/releases/2025-03/202503121000/plugins/
[2025-04-09 23:29:13] Fetching org.apache.xerces_2.12.2.v20230928-1306.jar from https://mirrors.jevincanders.net/eclipse/releases/2025-03/202503121000/plugins/
[2025-04-09 23:29:13] Fetching org.eclipse.emf.ecore_2.38.0.v20241018-1213.jar from https://download.eclipse.org/releases/2025-03/202503121000/plugins/ (1.33MB)
[2025-04-09 23:29:13] Fetching org.eclipse.team.ui_3.11.0.v20250120-0641.jar from https://mirror.umd.edu/eclipse/releases/2025-03/202503121000/plugins/
[2025-04-09 23:29:14] Fetching org.apache.httpcomponents.httpclient_4.5.14.jar from https://mirrors.jevincanders.net/eclipse/releases/2025-03/202503121000/plugins/ (1.31MB)
[2025-04-09 23:29:14] Fetching org.eclipse.emf.ecore_2.38.0.v20241018-1213.jar from https://download.eclipse.org/releases/2025-03/202503121000/plugins/
[2025-04-09 23:29:14] Fetching com.sun.jna.platform_5.16.0.jar from https://mirrors.jevincanders.net/eclipse/releases/2025-03/202503121000/plugins/ (1.31MB)
[2025-04-09 23:29:15] Fetching org.eclipse.mylyn.wikitext.help.ui_4.6.0.v20241229-1209.jar from https://mirrors.jevincanders.net/eclipse/releases/2025-03/202503121000/plugins/ (1.29MB)
[2025-04-09 23:29:15] Fetching org.apache.httpcomponents.httpclient_4.5.14.jar from https://mirrors.jevincanders.net/eclipse/releases/2025-03/202503121000/plugins/
[2025-04-09 23:29:15] Fetching org.eclipse.mylyn.help.ui_4.6.0.v20241229-1209.jar from https://mirrors.jevincanders.net/eclipse/releases/2025-03/202503121000/plugins/ (1.22MB)
[2025-04-09 23:29:15] Fetching com.sun.jna.platform_5.16.0.jar from https://mirrors.jevincanders.net/eclipse/releases/2025-03/202503121000/plugins/
[2025-04-09 23:29:15] Fetching com.sun.xml.bind_2.3.3.v20221203-1659.jar from https://mirror.umd.edu/eclipse/releases/2025-03/202503121000/plugins/ (1.16MB)
[2025-04-09 23:29:16] Fetching org.eclipse.jface_3.36.0.v20250129-1243.jar from https://mirror.umd.edu/eclipse/releases/2025-03/202503121000/plugins/ (1.14MB)
[2025-04-09 23:29:16] Fetching org.eclipse.mylyn.wikitext.help.ui_4.6.0.v20241229-1209.jar from https://mirrors.jevincanders.net/eclipse/releases/2025-03/202503121000/plugins/
[2025-04-09 23:29:16] Fetching org.eclipse.mylyn.help.ui_4.6.0.v20241229-1209.jar from https://mirrors.jevincanders.net/eclipse/releases/2025-03/202503121000/plugins/
[2025-04-09 23:29:17] Fetching com.sun.xml.bind_2.3.3.v20221203-1659.jar from https://mirror.umd.edu/eclipse/releases/2025-03/202503121000/plugins/
[2025-04-09 23:29:17] Fetching org.eclipse.jface_3.36.0.v20250129-1243.jar from https://mirror.umd.edu/eclipse/releases/2025-03/202503121000/plugins/
[2025-04-09 23:29:18] Fetching bcpkix_1.80.0.jar from https://mirrors.jevincanders.net/eclipse/releases/2025-03/202503121000/plugins/ (1.09MB)
[2025-04-09 23:29:19] Fetching org.eclipse.ant.ui_3.10.0.v20250120-0641.jar from https://download.eclipse.org/releases/2025-03/202503121000/plugins/ (1.05MB)
[2025-04-09 23:29:19] Fetching bcpkix_1.80.0.jar from https://mirrors.jevincanders.net/eclipse/releases/2025-03/202503121000/plugins/
[2025-04-09 23:29:19] Fetching org.apache.commons.commons-compress_1.27.1.jar from https://mirrors.jevincanders.net/eclipse/releases/2025-03/202503121000/plugins/ (1.04MB)
[2025-04-09 23:29:20] Fetching org.eclipse.ant.ui_3.10.0.v20250120-0641.jar from https://download.eclipse.org/releases/2025-03/202503121000/plugins/
[2025-04-09 23:29:20] Fetching org.eclipse.jface.text_3.27.0.v20250211-0938.jar from https://mirror.umd.edu/eclipse/releases/2025-03/202503121000/plugins/ (1.02MB)
[2025-04-09 23:29:20] Fetching org.mortbay.jasper.apache-jsp_9.0.96.jar from https://mirrors.jevincanders.net/eclipse/releases/2025-03/202503121000/plugins/ (1.01MB)
[2025-04-09 23:29:20] Fetching org.apache.commons.commons-compress_1.27.1.jar from https://mirrors.jevincanders.net/eclipse/releases/2025-03/202503121000/plugins/
[2025-04-09 23:29:21] Fetching org.apache.httpcomponents.core5.httpcore5_5.3.2.v20250110-0800.jar from https://download.eclipse.org/releases/2025-03/202503121000/plugins/ (963.71kB)
[2025-04-09 23:29:21] Fetching org.eclipse.jface.text_3.27.0.v20250211-0938.jar from https://mirror.umd.edu/eclipse/releases/2025-03/202503121000/plugins/
[2025-04-09 23:29:21] Fetching org.mortbay.jasper.apache-jsp_9.0.96.jar from https://mirrors.jevincanders.net/eclipse/releases/2025-03/202503121000/plugins/
[2025-04-09 23:29:22] Fetching org.apache.httpcomponents.core5.httpcore5_5.3.2.v20250110-0800.jar from https://download.eclipse.org/releases/2025-03/202503121000/plugins/
[2025-04-09 23:29:22] Fetching org.apache.httpcomponents.client5.httpclient5_5.4.1.v20241029-1100.jar from https://mirrors.jevincanders.net/eclipse/releases/2025-03/202503121000/plugins/ (953.19kB)
[2025-04-09 23:29:23] Fetching org.eclipse.core.resources_3.22.100.v20250206-1238.jar from https://mirrors.jevincanders.net/eclipse/releases/2025-03/202503121000/plugins/ (936.07kB)
[2025-04-09 23:29:23] Fetching org.eclipse.tm4e.language_pack_0.14.1.202501052236.jar from https://download.eclipse.org/releases/2025-03/202503121000/plugins/ (924.48kB)
[2025-04-09 23:29:23] Fetching org.apache.httpcomponents.client5.httpclient5_5.4.1.v20241029-1100.jar from https://mirrors.jevincanders.net/eclipse/releases/2025-03/202503121000/plugins/
[2025-04-09 23:29:23] Fetching org.eclipse.wst.xml.core_1.2.900.v202405130132.jar from https://download.eclipse.org/releases/2025-03/202503121000/plugins/ (823.3kB)
[2025-04-09 23:29:24] Fetching org.eclipse.jdt.debug_3.22.0.v20250124-1739.jar from https://download.eclipse.org/releases/2025-03/202503121000/plugins/ (934.82kB)
[2025-04-09 23:29:24] Fetching org.eclipse.core.resources_3.22.100.v20250206-1238.jar from https://mirrors.jevincanders.net/eclipse/releases/2025-03/202503121000/plugins/
[2025-04-09 23:29:24] Fetching org.eclipse.compare_3.11.300.v20250120-0641.jar from https://mirrors.jevincanders.net/eclipse/releases/2025-03/202503121000/plugins/ (812.49kB)
[2025-04-09 23:29:24] Fetching org.eclipse.tm4e.language_pack_0.14.1.202501052236.jar from https://download.eclipse.org/releases/2025-03/202503121000/plugins/
[2025-04-09 23:29:24] Fetching org.eclipse.wst.xml.core_1.2.900.v202405130132.jar from https://download.eclipse.org/releases/2025-03/202503121000/plugins/
[2025-04-09 23:29:25] Fetching org.eclipse.jdt.debug_3.22.0.v20250124-1739.jar from https://download.eclipse.org/releases/2025-03/202503121000/plugins/
[2025-04-09 23:29:25] Fetching org.eclipse.compare_3.11.300.v20250120-0641.jar from https://mirrors.jevincanders.net/eclipse/releases/2025-03/202503121000/plugins/
[2025-04-09 23:29:25] Fetching org.eclipse.ui.workbench.texteditor_3.19.100.v20250206-1224.jar from https://mirrors.jevincanders.net/eclipse/releases/2025-03/202503121000/plugins/ (787.02kB)
[2025-04-09 23:29:26] Fetching org.eclipse.ui.workbench.texteditor_3.19.100.v20250206-1224.jar from https://mirrors.jevincanders.net/eclipse/releases/2025-03/202503121000/plugins/
[2025-04-09 23:29:26] Fetching org.eclipse.lsp4e_0.18.17.202502012025.jar from https://mirrors.jevincanders.net/eclipse/releases/2025-03/202503121000/plugins/ (767.95kB)
[2025-04-09 23:29:27] Fetching org.eclipse.m2e.core.ui_2.4.0.20250224-0720.jar from https://download.eclipse.org/releases/2025-03/202503121000/plugins/ (771.48kB)
[2025-04-09 23:29:27] Fetching org.eclipse.help.webapp_3.12.0.v20250207-0952.jar from https://download.eclipse.org/releases/2025-03/202503121000/plugins/ (748.4kB)
[2025-04-09 23:29:27] Fetching org.eclipse.lsp4e_0.18.17.202502012025.jar from https://mirrors.jevincanders.net/eclipse/releases/2025-03/202503121000/plugins/
[2025-04-09 23:29:28] Fetching org.eclipse.epp.mpc.help.ui_1.12.0.v20250130-1529.jar from https://download.eclipse.org/releases/2025-03/202503121000/plugins/ (753.02kB)
[2025-04-09 23:29:28] Fetching org.apache.commons.commons-collections4_4.4.0.jar from https://mirrors.jevincanders.net/eclipse/releases/2025-03/202503121000/plugins/ (734.29kB)
[2025-04-09 23:29:28] Fetching org.eclipse.m2e.core.ui_2.4.0.20250224-0720.jar from https://download.eclipse.org/releases/2025-03/202503121000/plugins/
[2025-04-09 23:29:28] Fetching org.apache.tika.core_2.9.3.jar from https://mirrors.jevincanders.net/eclipse/releases/2025-03/202503121000/plugins/ (726.83kB)
[2025-04-09 23:29:28] Fetching org.eclipse.help.webapp_3.12.0.v20250207-0952.jar from https://download.eclipse.org/releases/2025-03/202503121000/plugins/
[2025-04-09 23:29:28] Fetching org.apache.xmlgraphics_2.10.0.v20241009-1200.jar from https://mirror.umd.edu/eclipse/releases/2025-03/202503121000/plugins/ (717kB)
[2025-04-09 23:29:29] Fetching org.eclipse.equinox.p2.ui_2.8.700.v20250129-1121.jar from https://mirror.umd.edu/eclipse/releases/2025-03/202503121000/plugins/ (707.38kB)
[2025-04-09 23:29:29] Fetching org.eclipse.epp.mpc.help.ui_1.12.0.v20250130-1529.jar from https://download.eclipse.org/releases/2025-03/202503121000/plugins/
[2025-04-09 23:29:29] Fetching org.apache.commons.commons-collections4_4.4.0.jar from https://mirrors.jevincanders.net/eclipse/releases/2025-03/202503121000/plugins/
[2025-04-09 23:29:29] Fetching org.apache.tika.core_2.9.3.jar from https://mirrors.jevincanders.net/eclipse/releases/2025-03/202503121000/plugins/
[2025-04-09 23:29:29] Fetching org.eclipse.buildship.ui_3.1.10.v20240802-1314.jar from https://mirrors.jevincanders.net/eclipse/releases/2025-03/202503121000/plugins/ (694.71kB)
[2025-04-09 23:29:29] Fetching org.apache.xmlgraphics_2.10.0.v20241009-1200.jar from https://mirror.umd.edu/eclipse/releases/2025-03/202503121000/plugins/
[2025-04-09 23:29:30] Fetching bcutil_1.80.0.jar from https://download.eclipse.org/releases/2025-03/202503121000/plugins/ (688.63kB)
[2025-04-09 23:29:30] Fetching org.eclipse.equinox.p2.ui_2.8.700.v20250129-1121.jar from https://mirror.umd.edu/eclipse/releases/2025-03/202503121000/plugins/
[2025-04-09 23:29:30] Fetching org.apache.httpcomponents.httpcore_4.4.16.jar from https://download.eclipse.org/releases/2025-03/202503121000/plugins/ (678.84kB)
[2025-04-09 23:29:30] Fetching org.eclipse.jetty.util_12.0.16.jar from https://mirrors.jevincanders.net/eclipse/releases/2025-03/202503121000/plugins/ (672kB)
[2025-04-09 23:29:30] Fetching org.eclipse.buildship.ui_3.1.10.v20240802-1314.jar from https://mirrors.jevincanders.net/eclipse/releases/2025-03/202503121000/plugins/
[2025-04-09 23:29:31] Fetching org.eclipse.egit.core_7.2.0.202503040940-r.jar from https://mirrors.jevincanders.net/eclipse/releases/2025-03/202503121000/plugins/ (645.08kB)
[2025-04-09 23:29:31] Fetching bcutil_1.80.0.jar from https://download.eclipse.org/releases/2025-03/202503121000/plugins/
[2025-04-09 23:29:31] Fetching org.apache.commons.lang3_3.17.0.jar from https://download.eclipse.org/releases/2025-03/202503121000/plugins/ (657.8kB)
[2025-04-09 23:29:31] Fetching org.eclipse.jetty.util_12.0.16.jar from https://mirrors.jevincanders.net/eclipse/releases/2025-03/202503121000/plugins/
[2025-04-09 23:29:31] Fetching org.apache.httpcomponents.httpcore_4.4.16.jar from https://download.eclipse.org/releases/2025-03/202503121000/plugins/
[2025-04-09 23:29:31] Fetching org.eclipse.ui.editors_3.19.100.v20250205-1448.jar from https://mirrors.jevincanders.net/eclipse/releases/2025-03/202503121000/plugins/ (642.82kB)
[2025-04-09 23:29:31] Fetching org.eclipse.m2e.core_2.7.1.20250224-0720.jar from https://mirrors.jevincanders.net/eclipse/releases/2025-03/202503121000/plugins/ (618.24kB)
[2025-04-09 23:29:32] Fetching org.eclipse.egit.core_7.2.0.202503040940-r.jar from https://mirrors.jevincanders.net/eclipse/releases/2025-03/202503121000/plugins/
[2025-04-09 23:29:32] Fetching org.eclipse.jetty.server_12.0.16.jar from https://download.eclipse.org/releases/2025-03/202503121000/plugins/ (614.78kB)
[2025-04-09 23:29:32] Fetching org.apache.commons.lang3_3.17.0.jar from https://download.eclipse.org/releases/2025-03/202503121000/plugins/
[2025-04-09 23:29:32] Fetching org.eclipse.ui.editors_3.19.100.v20250205-1448.jar from https://mirrors.jevincanders.net/eclipse/releases/2025-03/202503121000/plugins/
[2025-04-09 23:29:33] Fetching org.eclipse.m2e.core_2.7.1.20250224-0720.jar from https://mirrors.jevincanders.net/eclipse/releases/2025-03/202503121000/plugins/
[2025-04-09 23:29:33] Fetching org.eclipse.lsp4j_0.24.0.v20250131-1745.jar from https://mirrors.jevincanders.net/eclipse/releases/2025-03/202503121000/plugins/ (601.54kB)
[2025-04-09 23:29:33] Fetching org.eclipse.jetty.server_12.0.16.jar from https://download.eclipse.org/releases/2025-03/202503121000/plugins/
[2025-04-09 23:29:33] Fetching org.eclipse.jdt.launching_3.23.200.v20250110-0740.jar from https://mirrors.jevincanders.net/eclipse/releases/2025-03/202503121000/plugins/ (596.34kB)
[2025-04-09 23:29:33] Fetching junit-jupiter-params_5.11.4.jar from https://mirror.umd.edu/eclipse/releases/2025-03/202503121000/plugins/ (577.73kB)
[2025-04-09 23:29:34] Fetching ch.qos.logback.core_1.5.17.jar from https://download.eclipse.org/releases/2025-03/202503121000/plugins/ (607.13kB)
[2025-04-09 23:29:34] Fetching org.eclipse.lsp4j_0.24.0.v20250131-1745.jar from https://mirrors.jevincanders.net/eclipse/releases/2025-03/202503121000/plugins/
[2025-04-09 23:29:34] Fetching org.eclipse.jdt.launching_3.23.200.v20250110-0740.jar from https://mirrors.jevincanders.net/eclipse/releases/2025-03/202503121000/plugins/
[2025-04-09 23:29:35] Fetching junit-jupiter-params_5.11.4.jar from https://mirror.umd.edu/eclipse/releases/2025-03/202503121000/plugins/
[2025-04-09 23:29:35] Fetching org.eclipse.platform_4.35.0.v20250228-0140.jar from https://mirrors.jevincanders.net/eclipse/releases/2025-03/202503121000/plugins/ (575.51kB)
[2025-04-09 23:29:35] Fetching ch.qos.logback.core_1.5.17.jar from https://download.eclipse.org/releases/2025-03/202503121000/plugins/
[2025-04-09 23:29:35] Fetching org.apache.lucene.queries_10.1.0.v20241221-1000.jar from https://mirrors.jevincanders.net/eclipse/releases/2025-03/202503121000/plugins/ (556.98kB)
[2025-04-09 23:29:36] Fetching org.eclipse.platform_4.35.0.v20250228-0140.jar from https://mirrors.jevincanders.net/eclipse/releases/2025-03/202503121000/plugins/
[2025-04-09 23:29:36] Fetching org.eclipse.buildship.core_3.1.10.v20240802-1314.jar from https://download.eclipse.org/releases/2025-03/202503121000/plugins/ (558.87kB)
[2025-04-09 23:29:36] Fetching org.eclipse.jdt.junit_3.17.0.v20250110-1350.jar from https://mirrors.jevincanders.net/eclipse/releases/2025-03/202503121000/plugins/ (554.55kB)
[2025-04-09 23:29:36] Fetching bcpg_1.80.0.jar from https://mirror.umd.edu/eclipse/releases/2025-03/202503121000/plugins/ (550.25kB)
[2025-04-09 23:29:36] Fetching org.apache.lucene.queries_10.1.0.v20241221-1000.jar from https://mirrors.jevincanders.net/eclipse/releases/2025-03/202503121000/plugins/
[2025-04-09 23:29:36] Fetching org.eclipse.epp.mpc.ui_1.12.0.v20250130-1529.jar from https://download.eclipse.org/releases/2025-03/202503121000/plugins/ (550.8kB)
[2025-04-09 23:29:37] Fetching org.eclipse.buildship.core_3.1.10.v20240802-1314.jar from https://download.eclipse.org/releases/2025-03/202503121000/plugins/
[2025-04-09 23:29:37] Fetching org.eclipse.jdt.junit_3.17.0.v20250110-1350.jar from https://mirrors.jevincanders.net/eclipse/releases/2025-03/202503121000/plugins/
[2025-04-09 23:29:37] Fetching org.eclipse.help.ui_4.8.0.v20241217-0922.jar from https://mirrors.jevincanders.net/eclipse/releases/2025-03/202503121000/plugins/ (541.43kB)
[2025-04-09 23:29:37] Fetching bcpg_1.80.0.jar from https://mirror.umd.edu/eclipse/releases/2025-03/202503121000/plugins/
[2025-04-09 23:29:38] Fetching org.eclipse.epp.mpc.ui_1.12.0.v20250130-1529.jar from https://download.eclipse.org/releases/2025-03/202503121000/plugins/
[2025-04-09 23:29:38] Fetching org.apache.commons.commons-io_2.18.0.jar from https://mirror.umd.edu/eclipse/releases/2025-03/202503121000/plugins/ (526.28kB)
[2025-04-09 23:29:38] Fetching org.eclipse.wst.sse.core_1.2.1400.v202405130132.jar from https://mirrors.jevincanders.net/eclipse/releases/2025-03/202503121000/plugins/ (481.4kB)
[2025-04-09 23:29:38] Fetching org.eclipse.help.ui_4.8.0.v20241217-0922.jar from https://mirrors.jevincanders.net/eclipse/releases/2025-03/202503121000/plugins/
[2025-04-09 23:29:39] Fetching org.eclipse.ltk.ui.refactoring_3.13.500.v20250115-1455.jar from https://mirrors.jevincanders.net/eclipse/releases/2025-03/202503121000/plugins/ (480.91kB)
[2025-04-09 23:29:39] Fetching org.apache.commons.commons-io_2.18.0.jar from https://mirror.umd.edu/eclipse/releases/2025-03/202503121000/plugins/
[2025-04-09 23:29:39] Fetching org.eclipse.mylyn.tasks.core_4.6.0.v20241229-1209.jar from https://mirrors.jevincanders.net/eclipse/releases/2025-03/202503121000/plugins/ (473.15kB)
[2025-04-09 23:29:39] Fetching org.eclipse.wst.sse.core_1.2.1400.v202405130132.jar from https://mirrors.jevincanders.net/eclipse/releases/2025-03/202503121000/plugins/
[2025-04-09 23:29:39] Fetching org.eclipse.search_3.17.100.v20241218-0937.jar from https://mirror.umd.edu/eclipse/releases/2025-03/202503121000/plugins/ (467.92kB)
[2025-04-09 23:29:39] Fetching org.eclipse.ui_3.207.100.v20250103-1151.jar from https://mirror.umd.edu/eclipse/releases/2025-03/202503121000/plugins/ (456.46kB)
[2025-04-09 23:29:40] Fetching org.eclipse.ltk.ui.refactoring_3.13.500.v20250115-1455.jar from https://mirrors.jevincanders.net/eclipse/releases/2025-03/202503121000/plugins/
[2025-04-09 23:29:40] Fetching org.apache.lucene.queryparser_10.1.0.v20241221-1000.jar from https://mirrors.jevincanders.net/eclipse/releases/2025-03/202503121000/plugins/ (452.81kB)
[2025-04-09 23:29:40] Fetching org.eclipse.mylyn.tasks.core_4.6.0.v20241229-1209.jar from https://mirrors.jevincanders.net/eclipse/releases/2025-03/202503121000/plugins/
[2025-04-09 23:29:40] Fetching org.eclipse.ui_3.207.100.v20250103-1151.jar from https://mirror.umd.edu/eclipse/releases/2025-03/202503121000/plugins/
[2025-04-09 23:29:41] Fetching org.eclipse.search_3.17.100.v20241218-0937.jar from https://mirror.umd.edu/eclipse/releases/2025-03/202503121000/plugins/
[2025-04-09 23:29:41] Fetching org.jsoup_1.18.3.jar from https://mirrors.jevincanders.net/eclipse/releases/2025-03/202503121000/plugins/ (448.44kB)
[2025-04-09 23:29:41] Fetching org.apache.lucene.queryparser_10.1.0.v20241221-1000.jar from https://mirrors.jevincanders.net/eclipse/releases/2025-03/202503121000/plugins/
[2025-04-09 23:29:41] Fetching biz.aQute.bnd.util_7.1.0.202411251545.jar from https://download.eclipse.org/releases/2025-03/202503121000/plugins/ (443.2kB)
[2025-04-09 23:29:41] Fetching org.eclipse.mylyn.wikitext.ui_4.6.0.v20241229-1209.jar from https://mirrors.jevincanders.net/eclipse/releases/2025-03/202503121000/plugins/ (447.48kB)
[2025-04-09 23:29:41] Fetching org.eclipse.help.base_4.5.0.v20250228-0140.jar from https://mirrors.jevincanders.net/eclipse/releases/2025-03/202503121000/plugins/ (445.35kB)
[2025-04-09 23:29:42] Fetching org.sat4j.pb_2.3.6.v20201214.jar from https://mirrors.jevincanders.net/eclipse/releases/2025-03/202503121000/plugins/ (432.64kB)
[2025-04-09 23:29:42] Fetching org.jsoup_1.18.3.jar from https://mirrors.jevincanders.net/eclipse/releases/2025-03/202503121000/plugins/
[2025-04-09 23:29:42] Fetching org.eclipse.ui.navigator_3.13.0.v20250116-1250.jar from https://mirror.umd.edu/eclipse/releases/2025-03/202503121000/plugins/ (431.63kB)
[2025-04-09 23:29:42] Fetching org.eclipse.mylyn.wikitext.ui_4.6.0.v20241229-1209.jar from https://mirrors.jevincanders.net/eclipse/releases/2025-03/202503121000/plugins/
[2025-04-09 23:29:42] Fetching org.eclipse.help.base_4.5.0.v20250228-0140.jar from https://mirrors.jevincanders.net/eclipse/releases/2025-03/202503121000/plugins/
[2025-04-09 23:29:42] Fetching biz.aQute.bnd.util_7.1.0.202411251545.jar from https://download.eclipse.org/releases/2025-03/202503121000/plugins/
[2025-04-09 23:29:43] Fetching org.eclipse.jetty.ee8.server_12.0.16.jar from https://mirror.umd.edu/eclipse/releases/2025-03/202503121000/plugins/ (430.34kB)
[2025-04-09 23:29:43] Fetching org.sat4j.core_2.3.6.v20201214.jar from https://mirrors.jevincanders.net/eclipse/releases/2025-03/202503121000/plugins/ (429.55kB)
[2025-04-09 23:29:43] Fetching org.eclipse.m2e.model.edit_2.0.600.20240928-0605.jar from https://mirrors.jevincanders.net/eclipse/releases/2025-03/202503121000/plugins/ (425.82kB)
[2025-04-09 23:29:43] Fetching org.eclipse.oomph.p2.core_1.32.0.v20250302-1233.jar from https://mirror.umd.edu/eclipse/releases/2025-03/202503121000/plugins/ (428.61kB)
[2025-04-09 23:29:43] Fetching org.eclipse.ui.navigator_3.13.0.v20250116-1250.jar from https://mirror.umd.edu/eclipse/releases/2025-03/202503121000/plugins/
[2025-04-09 23:29:43] Fetching org.eclipse.jetty.http_12.0.16.jar from https://mirrors.jevincanders.net/eclipse/releases/2025-03/202503121000/plugins/ (419.82kB)
[2025-04-09 23:29:43] Fetching org.junit_4.13.2.v20240929-1000.jar from https://mirrors.jevincanders.net/eclipse/releases/2025-03/202503121000/plugins/ (416.31kB)
[2025-04-09 23:29:44] Fetching org.sat4j.core_2.3.6.v20201214.jar from https://mirrors.jevincanders.net/eclipse/releases/2025-03/202503121000/plugins/
[2025-04-09 23:29:44] Fetching org.eclipse.jetty.ee8.server_12.0.16.jar from https://mirror.umd.edu/eclipse/releases/2025-03/202503121000/plugins/
[2025-04-09 23:29:44] Fetching org.eclipse.m2e.model.edit_2.0.600.20240928-0605.jar from https://mirrors.jevincanders.net/eclipse/releases/2025-03/202503121000/plugins/
[2025-04-09 23:29:44] Fetching org.eclipse.oomph.ui_1.25.0.v20241216-1301.jar from https://mirror.umd.edu/eclipse/releases/2025-03/202503121000/plugins/ (409.85kB)
[2025-04-09 23:29:44] Fetching org.eclipse.oomph.p2.core_1.32.0.v20250302-1233.jar from https://mirror.umd.edu/eclipse/releases/2025-03/202503121000/plugins/
[2025-04-09 23:29:44] Fetching org.eclipse.team.core_3.10.600.v20250120-0641.jar from https://mirrors.jevincanders.net/eclipse/releases/2025-03/202503121000/plugins/ (407.45kB)
[2025-04-09 23:29:44] Fetching org.eclipse.jetty.http_12.0.16.jar from https://mirrors.jevincanders.net/eclipse/releases/2025-03/202503121000/plugins/
[2025-04-09 23:29:44] Fetching org.junit_4.13.2.v20240929-1000.jar from https://mirrors.jevincanders.net/eclipse/releases/2025-03/202503121000/plugins/
[2025-04-09 23:29:45] Fetching org.eclipse.debug.core_3.22.100.v20250129-1642.jar from https://mirrors.jevincanders.net/eclipse/releases/2025-03/202503121000/plugins/ (404.63kB)
[2025-04-09 23:29:45] Fetching org.eclipse.m2e.editor_2.1.0.20241001-1350.jar from https://download.eclipse.org/releases/2025-03/202503121000/plugins/ (404.79kB)
[2025-04-09 23:29:45] Fetching org.eclipse.oomph.ui_1.25.0.v20241216-1301.jar from https://mirror.umd.edu/eclipse/releases/2025-03/202503121000/plugins/
[2025-04-09 23:29:45] Fetching org.eclipse.jdt.apt.core_3.8.600.v20241001-0914.jar from https://mirrors.jevincanders.net/eclipse/releases/2025-03/202503121000/plugins/ (401.45kB)
[2025-04-09 23:29:46] Fetching org.eclipse.e4.ui.model.workbench_2.4.500.v20250215-1931.jar from https://mirrors.jevincanders.net/eclipse/releases/2025-03/202503121000/plugins/ (399.66kB)
[2025-04-09 23:29:46] Fetching org.eclipse.m2e.editor_2.1.0.20241001-1350.jar from https://download.eclipse.org/releases/2025-03/202503121000/plugins/
[2025-04-09 23:29:46] Fetching org.apache.felix.scr_2.2.12.jar from https://download.eclipse.org/releases/2025-03/202503121000/plugins/ (399.63kB)
[2025-04-09 23:29:46] Fetching org.eclipse.jdt.apt.core_3.8.600.v20241001-0914.jar from https://mirrors.jevincanders.net/eclipse/releases/2025-03/202503121000/plugins/
[2025-04-09 23:29:46] Fetching org.eclipse.emf.common_2.41.0.v20241204-1554.jar from https://mirrors.jevincanders.net/eclipse/releases/2025-03/202503121000/plugins/ (393.97kB)
[2025-04-09 23:29:47] Fetching org.eclipse.ui.cheatsheets_3.8.500.v20240621-0541.jar from https://mirrors.jevincanders.net/eclipse/releases/2025-03/202503121000/plugins/ (391.68kB)
[2025-04-09 23:29:47] Fetching org.eclipse.e4.ui.model.workbench_2.4.500.v20250215-1931.jar from https://mirrors.jevincanders.net/eclipse/releases/2025-03/202503121000/plugins/
[2025-04-09 23:29:47] Fetching org.eclipse.oomph.p2.ui_1.23.0.v20241013-1114.jar from https://mirror.umd.edu/eclipse/releases/2025-03/202503121000/plugins/ (385.91kB)
[2025-04-09 23:29:47] Fetching org.apache.sshd.sftp_2.15.0.jar from https://mirrors.jevincanders.net/eclipse/releases/2025-03/202503121000/plugins/ (380.84kB)
[2025-04-09 23:29:47] Fetching org.apache.felix.scr_2.2.12.jar from https://download.eclipse.org/releases/2025-03/202503121000/plugins/
[2025-04-09 23:29:47] Fetching org.eclipse.mylyn.wikitext_4.6.0.v20241229-1209.jar from https://mirrors.jevincanders.net/eclipse/releases/2025-03/202503121000/plugins/ (378.15kB)
[2025-04-09 23:29:48] Fetching org.eclipse.ui.cheatsheets_3.8.500.v20240621-0541.jar from https://mirrors.jevincanders.net/eclipse/releases/2025-03/202503121000/plugins/
[2025-04-09 23:29:48] Fetching org.eclipse.emf.common_2.41.0.v20241204-1554.jar from https://mirrors.jevincanders.net/eclipse/releases/2025-03/202503121000/plugins/
[2025-04-09 23:29:48] Fetching org.eclipse.oomph.p2.ui_1.23.0.v20241013-1114.jar from https://mirror.umd.edu/eclipse/releases/2025-03/202503121000/plugins/
[2025-04-09 23:29:48] Fetching org.eclipse.ltk.core.refactoring_3.15.0.v20241206-0650.jar from https://download.eclipse.org/releases/2025-03/202503121000/plugins/ (359.96kB)
[2025-04-09 23:29:48] Fetching org.apache.sshd.sftp_2.15.0.jar from https://mirrors.jevincanders.net/eclipse/releases/2025-03/202503121000/plugins/
[2025-04-09 23:29:48] Fetching org.eclipse.equinox.p2.metadata_2.9.300.v20250129-0519.jar from https://mirror.umd.edu/eclipse/releases/2025-03/202503121000/plugins/ (371.22kB)
[2025-04-09 23:29:48] Fetching org.apache.batik.css_1.18.0.v20241009-1200.jar from https://download.eclipse.org/releases/2025-03/202503121000/plugins/ (357.58kB)
[2025-04-09 23:29:48] Fetching org.eclipse.emf.edit.ui_2.25.0.v20241015-0644.jar from https://download.eclipse.org/releases/2025-03/202503121000/plugins/ (367.47kB)
[2025-04-09 23:29:49] Fetching org.eclipse.mylyn.wikitext_4.6.0.v20241229-1209.jar from https://mirrors.jevincanders.net/eclipse/releases/2025-03/202503121000/plugins/
[2025-04-09 23:29:49] Fetching org.eclipse.ltk.core.refactoring_3.15.0.v20241206-0650.jar from https://download.eclipse.org/releases/2025-03/202503121000/plugins/
[2025-04-09 23:29:49] Fetching net.bytebuddy.byte-buddy-agent_1.17.1.jar from https://mirrors.jevincanders.net/eclipse/releases/2025-03/202503121000/plugins/ (357.2kB)
[2025-04-09 23:29:49] Fetching org.eclipse.equinox.p2.metadata_2.9.300.v20250129-0519.jar from https://mirror.umd.edu/eclipse/releases/2025-03/202503121000/plugins/
[2025-04-09 23:29:50] Fetching org.apache.batik.css_1.18.0.v20241009-1200.jar from https://download.eclipse.org/releases/2025-03/202503121000/plugins/
[2025-04-09 23:29:50] Fetching org.eclipse.emf.edit.ui_2.25.0.v20241015-0644.jar from https://download.eclipse.org/releases/2025-03/202503121000/plugins/
[2025-04-09 23:29:50] Fetching org.apache.lucene.facet_10.1.0.v20241221-1000.jar from https://mirrors.jevincanders.net/eclipse/releases/2025-03/202503121000/plugins/ (352.68kB)
[2025-04-09 23:29:50] Fetching org.eclipse.text_3.14.300.v20250119-1501.jar from https://mirrors.jevincanders.net/eclipse/releases/2025-03/202503121000/plugins/ (352.51kB)
[2025-04-09 23:29:50] Fetching net.bytebuddy.byte-buddy-agent_1.17.1.jar from https://mirrors.jevincanders.net/eclipse/releases/2025-03/202503121000/plugins/
[2025-04-09 23:29:51] Fetching org.apache.commons.commons-codec_1.16.0.jar from https://mirror.umd.edu/eclipse/releases/2025-03/202503121000/plugins/ (352.28kB)
[2025-04-09 23:29:51] Fetching org.apache.lucene.facet_10.1.0.v20241221-1000.jar from https://mirrors.jevincanders.net/eclipse/releases/2025-03/202503121000/plugins/
[2025-04-09 23:29:51] Fetching org.eclipse.text_3.14.300.v20250119-1501.jar from https://mirrors.jevincanders.net/eclipse/releases/2025-03/202503121000/plugins/
[2025-04-09 23:29:51] Fetching org.eclipse.ui.intro_3.7.500.v20241127-0919.jar from https://mirrors.jevincanders.net/eclipse/releases/2025-03/202503121000/plugins/ (352.19kB)
[2025-04-09 23:29:52] Fetching org.apache.commons.commons-codec_1.16.0.jar from https://mirror.umd.edu/eclipse/releases/2025-03/202503121000/plugins/
[2025-04-09 23:29:52] Fetching org.jdom2_2.0.6.v20230720-0727.jar from https://mirrors.jevincanders.net/eclipse/releases/2025-03/202503121000/plugins/ (349.79kB)
[2025-04-09 23:29:52] Fetching org.eclipse.oomph.setup.core_1.33.0.v20250304-0858.jar from https://mirrors.jevincanders.net/eclipse/releases/2025-03/202503121000/plugins/ (344.49kB)
[2025-04-09 23:29:52] Fetching org.eclipse.oomph.setup.ui.questionnaire_1.13.0.v20220421-1218.jar from https://download.eclipse.org/releases/2025-03/202503121000/plugins/ (340.68kB)
[2025-04-09 23:29:53] Fetching org.eclipse.ui.forms_3.13.400.v20240905-1138.jar from https://mirrors.jevincanders.net/eclipse/releases/2025-03/202503121000/plugins/ (334.91kB)
[2025-04-09 23:29:53] Fetching org.eclipse.mylyn.builds.ui_4.6.0.v20241229-1209.jar from https://download.eclipse.org/releases/2025-03/202503121000/plugins/ (343.52kB)
[2025-04-09 23:29:53] Fetching org.eclipse.oomph.setup.core_1.33.0.v20250304-0858.jar from https://mirrors.jevincanders.net/eclipse/releases/2025-03/202503121000/plugins/
[2025-04-09 23:29:53] Fetching org.eclipse.tips.ide_0.3.500.v20241014-2054.jar from https://mirror.umd.edu/eclipse/releases/2025-03/202503121000/plugins/ (333.48kB)
[2025-04-09 23:29:53] Fetching org.apache.lucene.sandbox_10.1.0.v20241221-1000.jar from https://mirrors.jevincanders.net/eclipse/releases/2025-03/202503121000/plugins/ (331.41kB)
[2025-04-09 23:29:53] Fetching org.eclipse.equinox.p2.publisher.eclipse_1.6.400.v20250203-0704.jar from https://mirrors.jevincanders.net/eclipse/releases/2025-03/202503121000/plugins/ (324.22kB)
[2025-04-09 23:29:53] Fetching org.eclipse.oomph.setup.ui.questionnaire_1.13.0.v20220421-1218.jar from https://download.eclipse.org/releases/2025-03/202503121000/plugins/
[2025-04-09 23:29:54] Fetching org.apache.commons.httpclient_3.1.0.v20240401-1000.jar from https://mirror.umd.edu/eclipse/releases/2025-03/202503121000/plugins/ (323.54kB)
[2025-04-09 23:29:54] Fetching org.eclipse.jetty.io_12.0.16.jar from https://mirrors.jevincanders.net/eclipse/releases/2025-03/202503121000/plugins/ (320.55kB)
[2025-04-09 23:29:54] Fetching org.eclipse.mylyn.builds.ui_4.6.0.v20241229-1209.jar from https://download.eclipse.org/releases/2025-03/202503121000/plugins/
[2025-04-09 23:29:54] Fetching org.eclipse.oomph.p2.doc_1.14.0.v20230625-0755.jar from https://mirror.umd.edu/eclipse/releases/2025-03/202503121000/plugins/ (318.05kB)
[2025-04-09 23:29:54] Fetching org.eclipse.tips.ide_0.3.500.v20241014-2054.jar from https://mirror.umd.edu/eclipse/releases/2025-03/202503121000/plugins/
[2025-04-09 23:29:55] Fetching org.eclipse.core.databinding.observable_1.13.300.v20240424-0444.jar from https://mirrors.jevincanders.net/eclipse/releases/2025-03/202503121000/plugins/ (315.34kB)
[2025-04-09 23:29:55] Fetching org.eclipse.jetty.io_12.0.16.jar from https://mirrors.jevincanders.net/eclipse/releases/2025-03/202503121000/plugins/
[2025-04-09 23:29:55] Fetching org.apache.commons.httpclient_3.1.0.v20240401-1000.jar from https://mirror.umd.edu/eclipse/releases/2025-03/202503121000/plugins/
[2025-04-09 23:29:55] Fetching org.eclipse.oomph.p2.doc_1.14.0.v20230625-0755.jar from https://mirror.umd.edu/eclipse/releases/2025-03/202503121000/plugins/
[2025-04-09 23:29:55] Fetching org.eclipse.emf.edit_2.22.0.v20240604-0832.jar from https://mirrors.jevincanders.net/eclipse/releases/2025-03/202503121000/plugins/ (312.12kB)
[2025-04-09 23:29:55] Fetching org.eclipse.mylyn.commons.ui_4.6.0.v20241229-1209.jar from https://mirrors.jevincanders.net/eclipse/releases/2025-03/202503121000/plugins/ (312.16kB)
[2025-04-09 23:29:56] Fetching org.eclipse.mylyn.reviews.ui_4.6.0.v20241229-1209.jar from https://download.eclipse.org/releases/2025-03/202503121000/plugins/ (307.25kB)
[2025-04-09 23:29:56] Fetching org.eclipse.eclemma.ui_3.1.9.202405260028.jar from https://mirrors.jevincanders.net/eclipse/releases/2025-03/202503121000/plugins/ (310.93kB)
[2025-04-09 23:29:56] Fetching org.eclipse.core.databinding.observable_1.13.300.v20240424-0444.jar from https://mirrors.jevincanders.net/eclipse/releases/2025-03/202503121000/plugins/
[2025-04-09 23:29:56] Fetching org.eclipse.mylyn.commons.ui_4.6.0.v20241229-1209.jar from https://mirrors.jevincanders.net/eclipse/releases/2025-03/202503121000/plugins/
[2025-04-09 23:29:57] Fetching org.eclipse.mylyn.reviews.ui_4.6.0.v20241229-1209.jar from https://download.eclipse.org/releases/2025-03/202503121000/plugins/
[2025-04-09 23:29:57] Fetching com.jcraft.jsch_0.1.55.v20230916-1400.jar from https://mirror.umd.edu/eclipse/releases/2025-03/202503121000/plugins/ (300.3kB)
[2025-04-09 23:29:57] Fetching org.eclipse.tm4e.core_0.14.1.202501141527.jar from https://mirrors.jevincanders.net/eclipse/releases/2025-03/202503121000/plugins/ (299.2kB)
[2025-04-09 23:29:57] Fetching ch.qos.logback.classic_1.5.17.jar from https://mirror.umd.edu/eclipse/releases/2025-03/202503121000/plugins/ (299.66kB)
[2025-04-09 23:29:57] Fetching org.eclipse.jgit.ssh.apache_7.2.0.202503040940-r.jar from https://mirrors.jevincanders.net/eclipse/releases/2025-03/202503121000/plugins/ (295.62kB)
[2025-04-09 23:29:57] Fetching org.eclipse.jface.databinding_1.15.300.v20240424-0444.jar from https://mirrors.jevincanders.net/eclipse/releases/2025-03/202503121000/plugins/ (292.66kB)
[2025-04-09 23:29:57] Fetching org.eclipse.core.databinding_1.13.400.v20250122-0807.jar from https://mirror.umd.edu/eclipse/releases/2025-03/202503121000/plugins/ (289.61kB)
[2025-04-09 23:29:58] Fetching org.eclipse.tm4e.core_0.14.1.202501141527.jar from https://mirrors.jevincanders.net/eclipse/releases/2025-03/202503121000/plugins/
[2025-04-09 23:29:58] Fetching org.snakeyaml.engine_2.9.0.jar from https://mirror.umd.edu/eclipse/releases/2025-03/202503121000/plugins/ (287.75kB)
[2025-04-09 23:29:58] Fetching com.jcraft.jsch_0.1.55.v20230916-1400.jar from https://mirror.umd.edu/eclipse/releases/2025-03/202503121000/plugins/
[2025-04-09 23:29:58] Fetching ch.qos.logback.classic_1.5.17.jar from https://mirror.umd.edu/eclipse/releases/2025-03/202503121000/plugins/
[2025-04-09 23:29:58] Fetching org.eclipse.jface.databinding_1.15.300.v20240424-0444.jar from https://mirrors.jevincanders.net/eclipse/releases/2025-03/202503121000/plugins/
[2025-04-09 23:29:58] Fetching org.eclipse.core.databinding_1.13.400.v20250122-0807.jar from https://mirror.umd.edu/eclipse/releases/2025-03/202503121000/plugins/
[2025-04-09 23:29:58] Fetching com.google.gson_2.12.1.jar from https://mirrors.jevincanders.net/eclipse/releases/2025-03/202503121000/plugins/ (279.24kB)
[2025-04-09 23:29:58] Fetching org.eclipse.help_3.10.400.v20240415-0528.jar from https://mirrors.jevincanders.net/eclipse/releases/2025-03/202503121000/plugins/ (276.47kB)
[2025-04-09 23:29:59] Fetching org.eclipse.tm.terminal.view.ui_4.11.600.202501171425.jar from https://download.eclipse.org/releases/2025-03/202503121000/plugins/ (283.22kB)
[2025-04-09 23:29:59] Fetching org.snakeyaml.engine_2.9.0.jar from https://mirror.umd.edu/eclipse/releases/2025-03/202503121000/plugins/
[2025-04-09 23:29:59] Fetching org.eclipse.e4.ui.workbench_1.17.0.v20250215-1931.jar from https://mirrors.jevincanders.net/eclipse/releases/2025-03/202503121000/plugins/ (273.94kB)
[2025-04-09 23:29:59] Fetching org.eclipse.help_3.10.400.v20240415-0528.jar from https://mirrors.jevincanders.net/eclipse/releases/2025-03/202503121000/plugins/
[2025-04-09 23:30:00] Fetching org.jacoco.agent_0.8.12.202403310830.jar from https://mirrors.jevincanders.net/eclipse/releases/2025-03/202503121000/plugins/ (269.16kB)
[2025-04-09 23:30:00] Fetching org.eclipse.tm.terminal.view.ui_4.11.600.202501171425.jar from https://download.eclipse.org/releases/2025-03/202503121000/plugins/
[2025-04-09 23:30:00] Fetching org.eclipse.e4.ui.workbench.renderers.swt_0.16.700.v20250212-1224.jar from https://mirror.umd.edu/eclipse/releases/2025-03/202503121000/plugins/ (263.11kB)
[2025-04-09 23:30:00] Fetching org.apache.httpcomponents.core5.httpcore5-h2_5.3.2.v20250110-0800.jar from https://download.eclipse.org/releases/2025-03/202503121000/plugins/ (260.94kB)
[2025-04-09 23:30:00] Fetching org.eclipse.equinox.p2.repository.tools_2.4.600.v20250129-1127.jar from https://mirror.umd.edu/eclipse/releases/2025-03/202503121000/plugins/ (262.77kB)
[2025-04-09 23:30:01] Fetching org.eclipse.jetty.servlet-api_4.0.6.jar from https://mirrors.jevincanders.net/eclipse/releases/2025-03/202503121000/plugins/ (266.68kB)
[2025-04-09 23:30:01] Fetching org.jacoco.agent_0.8.12.202403310830.jar from https://mirrors.jevincanders.net/eclipse/releases/2025-03/202503121000/plugins/
[2025-04-09 23:30:01] Fetching org.eclipse.equinox.p2.repository.tools_2.4.600.v20250129-1127.jar from https://mirror.umd.edu/eclipse/releases/2025-03/202503121000/plugins/
[2025-04-09 23:30:01] Fetching org.apache.httpcomponents.core5.httpcore5-h2_5.3.2.v20250110-0800.jar from https://download.eclipse.org/releases/2025-03/202503121000/plugins/
[2025-04-09 23:30:01] Fetching org.eclipse.osgi.compatibility.state_1.2.1100.v20250129-0721.jar from https://mirrors.jevincanders.net/eclipse/releases/2025-03/202503121000/plugins/ (254.08kB)
[2025-04-09 23:30:01] Fetching org.eclipse.e4.ui.workbench.renderers.swt_0.16.700.v20250212-1224.jar from https://mirror.umd.edu/eclipse/releases/2025-03/202503121000/plugins/
[2025-04-09 23:30:01] Fetching junit-jupiter-engine_5.11.4.jar from https://mirrors.jevincanders.net/eclipse/releases/2025-03/202503121000/plugins/ (254.02kB)
[2025-04-09 23:30:01] Fetching org.mortbay.jasper.apache-el_9.0.96.jar from https://mirrors.jevincanders.net/eclipse/releases/2025-03/202503121000/plugins/ (252.04kB)
[2025-04-09 23:30:01] Fetching org.eclipse.emf.ecore.xmi_2.38.0.v20240721-0634.jar from https://download.eclipse.org/releases/2025-03/202503121000/plugins/ (249kB)
[2025-04-09 23:30:02] Fetching org.apache.commons.text_1.13.0.jar from https://mirror.umd.edu/eclipse/releases/2025-03/202503121000/plugins/ (251.82kB)
[2025-04-09 23:30:02] Fetching org.eclipse.ui.console_3.14.200.v20240918-1457.jar from https://mirror.umd.edu/eclipse/releases/2025-03/202503121000/plugins/ (249.83kB)
[2025-04-09 23:30:02] Fetching org.eclipse.egit.github.core_6.1.0.202203080745-r.jar from https://mirrors.jevincanders.net/eclipse/releases/2025-03/202503121000/plugins/ (248.87kB)
[2025-04-09 23:30:03] Fetching org.eclipse.emf.ecore.xmi_2.38.0.v20240721-0634.jar from https://download.eclipse.org/releases/2025-03/202503121000/plugins/
[2025-04-09 23:30:03] Fetching org.joni_2.2.3.v20250117-1000.jar from https://mirrors.jevincanders.net/eclipse/releases/2025-03/202503121000/plugins/ (244.21kB)
[2025-04-09 23:30:03] Fetching org.apache.commons.text_1.13.0.jar from https://mirror.umd.edu/eclipse/releases/2025-03/202503121000/plugins/
[2025-04-09 23:30:03] Fetching org.eclipse.ui.console_3.14.200.v20240918-1457.jar from https://mirror.umd.edu/eclipse/releases/2025-03/202503121000/plugins/
[2025-04-09 23:30:03] Fetching org.eclipse.equinox.p2.engine_2.10.400.v20250129-0520.jar from https://mirrors.jevincanders.net/eclipse/releases/2025-03/202503121000/plugins/ (241.95kB)
[2025-04-09 23:30:03] Fetching junit-platform-engine_1.11.4.jar from https://mirrors.jevincanders.net/eclipse/releases/2025-03/202503121000/plugins/ (241.02kB)
[2025-04-09 23:30:03] Fetching org.eclipse.m2e.editor.lemminx_2.0.800.20250206-0805.jar from https://mirrors.jevincanders.net/eclipse/releases/2025-03/202503121000/plugins/ (237.84kB)
[2025-04-09 23:30:04] Fetching org.eclipse.equinox.http.servlet_1.8.300.v20250130-0530.jar from https://download.eclipse.org/releases/2025-03/202503121000/plugins/ (234.69kB)
[2025-04-09 23:30:04] Fetching org.eclipse.mylyn.github.doc_6.7.0.v20241208-1414.jar from https://mirror.umd.edu/eclipse/releases/2025-03/202503121000/plugins/ (236.57kB)
[2025-04-09 23:30:04] Fetching org.joni_2.2.3.v20250117-1000.jar from https://mirrors.jevincanders.net/eclipse/releases/2025-03/202503121000/plugins/
[2025-04-09 23:30:04] Fetching org.commonmark_0.24.0.v20241021-1700.jar from https://mirror.umd.edu/eclipse/releases/2025-03/202503121000/plugins/ (235.29kB)
[2025-04-09 23:30:04] Fetching junit-platform-engine_1.11.4.jar from https://mirrors.jevincanders.net/eclipse/releases/2025-03/202503121000/plugins/
[2025-04-09 23:30:04] Fetching com.sun.el.javax.el_3.0.4.jar from https://mirror.umd.edu/eclipse/releases/2025-03/202503121000/plugins/ (232.26kB)
[2025-04-09 23:30:04] Fetching org.eclipse.wst.common.emf_1.2.800.v202503020719.jar from https://mirrors.jevincanders.net/eclipse/releases/2025-03/202503121000/plugins/ (230.57kB)
[2025-04-09 23:30:05] Fetching org.eclipse.m2e.editor.lemminx_2.0.800.20250206-0805.jar from https://mirrors.jevincanders.net/eclipse/releases/2025-03/202503121000/plugins/
[2025-04-09 23:30:05] Fetching org.eclipse.equinox.http.servlet_1.8.300.v20250130-0530.jar from https://download.eclipse.org/releases/2025-03/202503121000/plugins/
[2025-04-09 23:30:05] Fetching org.eclipse.equinox.p2.engine_2.10.400.v20250129-0520.jar from https://mirrors.jevincanders.net/eclipse/releases/2025-03/202503121000/plugins/
[2025-04-09 23:30:05] Fetching org.eclipse.mylyn.github.ui_6.7.0.v20241229-1209.jar from https://mirror.umd.edu/eclipse/releases/2025-03/202503121000/plugins/ (230.12kB)
[2025-04-09 23:30:05] Fetching org.eclipse.mylyn.github.doc_6.7.0.v20241208-1414.jar from https://mirror.umd.edu/eclipse/releases/2025-03/202503121000/plugins/
[2025-04-09 23:30:05] Fetching org.eclipse.tm4e.ui_0.14.1.202501131401.jar from https://mirrors.jevincanders.net/eclipse/releases/2025-03/202503121000/plugins/ (228.7kB)
[2025-04-09 23:30:05] Fetching org.commonmark_0.24.0.v20241021-1700.jar from https://mirror.umd.edu/eclipse/releases/2025-03/202503121000/plugins/
[2025-04-09 23:30:05] Fetching org.eclipse.eclemma.doc_3.1.9.202405260028.jar from https://download.eclipse.org/releases/2025-03/202503121000/plugins/ (227.19kB)
[2025-04-09 23:30:05] Fetching com.sun.el.javax.el_3.0.4.jar from https://mirror.umd.edu/eclipse/releases/2025-03/202503121000/plugins/
[2025-04-09 23:30:06] Fetching org.eclipse.mylyn.github.ui_6.7.0.v20241229-1209.jar from https://mirror.umd.edu/eclipse/releases/2025-03/202503121000/plugins/
[2025-04-09 23:30:06] Fetching org.eclipse.tm4e.ui_0.14.1.202501131401.jar from https://mirrors.jevincanders.net/eclipse/releases/2025-03/202503121000/plugins/
[2025-04-09 23:30:06] Fetching org.eclipse.e4.ui.css.core_0.14.500.v20240606-0949.jar from https://mirrors.jevincanders.net/eclipse/releases/2025-03/202503121000/plugins/ (221.07kB)
[2025-04-09 23:30:06] Fetching jaxen_2.0.0.jar from https://mirrors.jevincanders.net/eclipse/releases/2025-03/202503121000/plugins/ (218.71kB)
[2025-04-09 23:30:06] Fetching org.eclipse.eclemma.doc_3.1.9.202405260028.jar from https://download.eclipse.org/releases/2025-03/202503121000/plugins/
[2025-04-09 23:30:06] Fetching org.eclipse.tm.terminal.control_5.5.400.202501171425.jar from https://mirrors.jevincanders.net/eclipse/releases/2025-03/202503121000/plugins/ (218.49kB)
[2025-04-09 23:30:07] Fetching org.eclipse.ui.browser_3.8.400.v20240915-0736.jar from https://mirror.umd.edu/eclipse/releases/2025-03/202503121000/plugins/ (212.19kB)
[2025-04-09 23:30:07] Fetching org.eclipse.e4.ui.css.core_0.14.500.v20240606-0949.jar from https://mirrors.jevincanders.net/eclipse/releases/2025-03/202503121000/plugins/
[2025-04-09 23:30:07] Fetching junit-jupiter-api_5.11.4.jar from https://download.eclipse.org/releases/2025-03/202503121000/plugins/ (211.34kB)
[2025-04-09 23:30:07] Fetching jaxen_2.0.0.jar from https://mirrors.jevincanders.net/eclipse/releases/2025-03/202503121000/plugins/
[2025-04-09 23:30:08] Fetching org.eclipse.e4.ui.progress_0.4.700.v20241015-1729.jar from https://mirror.umd.edu/eclipse/releases/2025-03/202503121000/plugins/ (211.86kB)
[2025-04-09 23:30:08] Fetching org.eclipse.mylyn.builds.core_4.6.0.v20241229-1209.jar from https://download.eclipse.org/releases/2025-03/202503121000/plugins/ (211.7kB)
[2025-04-09 23:30:08] Fetching org.eclipse.e4.ui.css.swt_0.15.500.v20241219-0802.jar from https://mirrors.jevincanders.net/eclipse/releases/2025-03/202503121000/plugins/ (206.87kB)
[2025-04-09 23:30:08] Fetching org.eclipse.epp.mpc.core_1.12.0.v20250130-1529.jar from https://download.eclipse.org/releases/2025-03/202503121000/plugins/ (210.33kB)
[2025-04-09 23:30:08] Fetching org.eclipse.ui.browser_3.8.400.v20240915-0736.jar from https://mirror.umd.edu/eclipse/releases/2025-03/202503121000/plugins/
[2025-04-09 23:30:08] Fetching org.eclipse.equinox.registry_3.12.300.v20250129-1129.jar from https://mirrors.jevincanders.net/eclipse/releases/2025-03/202503121000/plugins/ (201.2kB)
[2025-04-09 23:30:08] Fetching junit-jupiter-api_5.11.4.jar from https://download.eclipse.org/releases/2025-03/202503121000/plugins/
[2025-04-09 23:30:08] Fetching org.apache.felix.gogo.runtime_1.1.6.jar from https://download.eclipse.org/releases/2025-03/202503121000/plugins/ (198.71kB)
[2025-04-09 23:30:08] Fetching org.jacoco.core_0.8.12.202403310830.jar from https://mirrors.jevincanders.net/eclipse/releases/2025-03/202503121000/plugins/ (205.35kB)
[2025-04-09 23:30:09] Fetching org.eclipse.e4.ui.progress_0.4.700.v20241015-1729.jar from https://mirror.umd.edu/eclipse/releases/2025-03/202503121000/plugins/
[2025-04-09 23:30:09] Fetching org.eclipse.emf.ecore.edit_2.15.0.v20240604-0832.jar from https://mirrors.jevincanders.net/eclipse/releases/2025-03/202503121000/plugins/ (192.91kB)
[2025-04-09 23:30:09] Fetching org.eclipse.mylyn.builds.core_4.6.0.v20241229-1209.jar from https://download.eclipse.org/releases/2025-03/202503121000/plugins/
[2025-04-09 23:30:09] Fetching org.eclipse.epp.mpc.core_1.12.0.v20250130-1529.jar from https://download.eclipse.org/releases/2025-03/202503121000/plugins/
[2025-04-09 23:30:09] Fetching org.jacoco.core_0.8.12.202403310830.jar from https://mirrors.jevincanders.net/eclipse/releases/2025-03/202503121000/plugins/
[2025-04-09 23:30:10] Fetching org.apache.felix.gogo.runtime_1.1.6.jar from https://download.eclipse.org/releases/2025-03/202503121000/plugins/
[2025-04-09 23:30:10] Fetching org.eclipse.equinox.p2.repository_2.9.300.v20250212-0912.jar from https://mirrors.jevincanders.net/eclipse/releases/2025-03/202503121000/plugins/ (192.13kB)
[2025-04-09 23:30:10] Fetching org.eclipse.oomph.setup.edit_1.18.0.v20241013-1032.jar from https://mirrors.jevincanders.net/eclipse/releases/2025-03/202503121000/plugins/ (188.67kB)
[2025-04-09 23:30:10] Fetching junit-platform-launcher_1.11.4.jar from https://download.eclipse.org/releases/2025-03/202503121000/plugins/ (184.58kB)
[2025-04-09 23:30:10] Fetching org.eclipse.jdt.junit.core_3.13.500.v20250108-1123.jar from https://mirrors.jevincanders.net/eclipse/releases/2025-03/202503121000/plugins/ (185.78kB)
[2025-04-09 23:30:11] Fetching org.eclipse.ui.navigator.resources_3.9.600.v20241218-1253.jar from https://download.eclipse.org/releases/2025-03/202503121000/plugins/ (183.03kB)
[2025-04-09 23:30:11] Fetching junit-platform-launcher_1.11.4.jar from https://download.eclipse.org/releases/2025-03/202503121000/plugins/
[2025-04-09 23:30:11] Fetching org.eclipse.m2e.archetype.common_3.2.104.jar from https://mirrors.jevincanders.net/eclipse/releases/2025-03/202503121000/plugins/ (179.57kB)
[2025-04-09 23:30:11] Fetching org.eclipse.ui.genericeditor_1.3.500.v20240917-1118.jar from https://download.eclipse.org/releases/2025-03/202503121000/plugins/ (182.7kB)
[2025-04-09 23:30:12] Fetching org.eclipse.ui.views.log_1.4.700.v20250207-1902.jar from https://mirrors.jevincanders.net/eclipse/releases/2025-03/202503121000/plugins/ (178.03kB)
[2025-04-09 23:30:12] Fetching org.eclipse.equinox.p2.artifact.repository_1.5.600.v20250129-0528.jar from https://download.eclipse.org/releases/2025-03/202503121000/plugins/ (182.02kB)
[2025-04-09 23:30:12] Fetching org.eclipse.equinox.security.ui_1.4.400.v20250129-1347.jar from https://mirrors.jevincanders.net/eclipse/releases/2025-03/202503121000/plugins/ (175.32kB)
[2025-04-09 23:30:12] Fetching org.eclipse.ui.navigator.resources_3.9.600.v20241218-1253.jar from https://download.eclipse.org/releases/2025-03/202503121000/plugins/
[2025-04-09 23:30:12] Fetching org.eclipse.ui.genericeditor_1.3.500.v20240917-1118.jar from https://download.eclipse.org/releases/2025-03/202503121000/plugins/
[2025-04-09 23:30:13] Fetching com.googlecode.javaewah.JavaEWAH_1.2.3.jar from https://mirrors.jevincanders.net/eclipse/releases/2025-03/202503121000/plugins/ (166.57kB)
[2025-04-09 23:30:13] Fetching org.eclipse.mylyn.reviews.core_4.6.0.v20241229-1209.jar from https://mirror.umd.edu/eclipse/releases/2025-03/202503121000/plugins/ (169.97kB)
[2025-04-09 23:30:13] Fetching org.eclipse.emf.common.ui_2.24.0.v20240911-1027.jar from https://mirror.umd.edu/eclipse/releases/2025-03/202503121000/plugins/ (172.97kB)
[2025-04-09 23:30:13] Fetching org.eclipse.equinox.p2.artifact.repository_1.5.600.v20250129-0528.jar from https://download.eclipse.org/releases/2025-03/202503121000/plugins/
[2025-04-09 23:30:13] Fetching org.eclipse.mylyn.context.ui_4.6.0.v20241229-1209.jar from https://mirrors.jevincanders.net/eclipse/releases/2025-03/202503121000/plugins/ (165.82kB)
[2025-04-09 23:30:13] Fetching org.eclipse.core.databinding.property_1.10.300.v20240424-0444.jar from https://download.eclipse.org/releases/2025-03/202503121000/plugins/ (166.07kB)
[2025-04-09 23:30:14] Fetching org.eclipse.emf.common.ui_2.24.0.v20240911-1027.jar from https://mirror.umd.edu/eclipse/releases/2025-03/202503121000/plugins/
[2025-04-09 23:30:14] Fetching org.eclipse.mylyn.reviews.core_4.6.0.v20241229-1209.jar from https://mirror.umd.edu/eclipse/releases/2025-03/202503121000/plugins/
[2025-04-09 23:30:14] Fetching org.tukaani.xz_1.10.0.jar from https://mirrors.jevincanders.net/eclipse/releases/2025-03/202503121000/plugins/ (164.62kB)
[2025-04-09 23:30:14] Fetching org.eclipse.ant.launching_1.4.700.v20250120-0913.jar from https://mirrors.jevincanders.net/eclipse/releases/2025-03/202503121000/plugins/ (164.14kB)
[2025-04-09 23:30:14] Fetching org.eclipse.jdt.bcoview_1.3.0.v20250114-1355.jar from https://mirrors.jevincanders.net/eclipse/releases/2025-03/202503121000/plugins/ (163.63kB)
[2025-04-09 23:30:14] Fetching org.eclipse.mylyn.java.ui_4.6.0.v20241229-1209.jar from https://mirrors.jevincanders.net/eclipse/releases/2025-03/202503121000/plugins/ (163.53kB)
[2025-04-09 23:30:15] Fetching org.eclipse.m2e.jdt_2.4.0.20241126-1642.jar from https://mirror.umd.edu/eclipse/releases/2025-03/202503121000/plugins/ (162.93kB)
[2025-04-09 23:30:15] Fetching org.eclipse.mylyn.commons.workbench_4.6.0.v20241229-1209.jar from https://mirror.umd.edu/eclipse/releases/2025-03/202503121000/plugins/ (161.68kB)
[2025-04-09 23:30:15] Fetching org.eclipse.equinox.p2.ui.discovery_1.3.500.v20250126-0709.jar from https://download.eclipse.org/releases/2025-03/202503121000/plugins/ (160.46kB)
[2025-04-09 23:30:15] Fetching org.eclipse.equinox.common_3.20.0.v20250129-1348.jar from https://mirror.umd.edu/eclipse/releases/2025-03/202503121000/plugins/ (160.6kB)
[2025-04-09 23:30:15] Fetching org.eclipse.tm4e.languageconfiguration_0.14.1.202501071849.jar from https://mirrors.jevincanders.net/eclipse/releases/2025-03/202503121000/plugins/ (156.7kB)
[2025-04-09 23:30:15] Fetching org.eclipse.nebula.cwt_1.1.0.202501071519.jar from https://mirror.umd.edu/eclipse/releases/2025-03/202503121000/plugins/ (160.48kB)
[2025-04-09 23:30:15] Fetching org.eclipse.m2e.archetype.maven-artifact-transfer_0.13.1.2.jar from https://mirrors.jevincanders.net/eclipse/releases/2025-03/202503121000/plugins/ (156.3kB)
[2025-04-09 23:30:15] Fetching org.eclipse.e4.ui.workbench.swt_0.17.700.v20250123-0706.jar from https://mirrors.jevincanders.net/eclipse/releases/2025-03/202503121000/plugins/ (152.9kB)
[2025-04-09 23:30:16] Fetching org.apache.aries.spifly.dynamic.bundle_1.3.7.jar from https://mirrors.jevincanders.net/eclipse/releases/2025-03/202503121000/plugins/ (150.35kB)
[2025-04-09 23:30:16] Fetching org.eclipse.mylyn.commons.workbench_4.6.0.v20241229-1209.jar from https://mirror.umd.edu/eclipse/releases/2025-03/202503121000/plugins/
[2025-04-09 23:30:16] Fetching org.eclipse.m2e.jdt_2.4.0.20241126-1642.jar from https://mirror.umd.edu/eclipse/releases/2025-03/202503121000/plugins/
[2025-04-09 23:30:16] Fetching org.eclipse.lsp4j.jsonrpc_0.24.0.v20250131-1745.jar from https://download.eclipse.org/releases/2025-03/202503121000/plugins/ (149.77kB)
[2025-04-09 23:30:16] Fetching org.eclipse.equinox.common_3.20.0.v20250129-1348.jar from https://mirror.umd.edu/eclipse/releases/2025-03/202503121000/plugins/
[2025-04-09 23:30:16] Fetching org.eclipse.equinox.p2.ui.discovery_1.3.500.v20250126-0709.jar from https://download.eclipse.org/releases/2025-03/202503121000/plugins/
[2025-04-09 23:30:16] Fetching org.eclipse.nebula.cwt_1.1.0.202501071519.jar from https://mirror.umd.edu/eclipse/releases/2025-03/202503121000/plugins/
[2025-04-09 23:30:16] Fetching org.eclipse.tm4e.languageconfiguration_0.14.1.202501071849.jar from https://mirrors.jevincanders.net/eclipse/releases/2025-03/202503121000/plugins/
[2025-04-09 23:30:17] Fetching org.apache.aries.spifly.dynamic.bundle_1.3.7.jar from https://mirrors.jevincanders.net/eclipse/releases/2025-03/202503121000/plugins/
[2025-04-09 23:30:17] Fetching org.eclipse.ui.externaltools_3.6.500.v20241126-1843.jar from https://mirrors.jevincanders.net/eclipse/releases/2025-03/202503121000/plugins/ (145.47kB)
[2025-04-09 23:30:17] Fetching org.eclipse.tips.core_0.3.400.v20240413-1529.jar from https://mirror.umd.edu/eclipse/releases/2025-03/202503121000/plugins/ (149.59kB)
[2025-04-09 23:30:17] Fetching org.eclipse.orbit.xml-apis-ext_1.0.0.v20240917-0534.jar from https://mirrors.jevincanders.net/eclipse/releases/2025-03/202503121000/plugins/ (142.12kB)
[2025-04-09 23:30:17] Fetching org.eclipse.ecf_3.12.0.v20250111-0100.jar from https://download.eclipse.org/releases/2025-03/202503121000/plugins/ (139.61kB)
[2025-04-09 23:30:17] Fetching org.eclipse.equinox.p2.metadata.repository_1.5.500.v20250129-0521.jar from https://download.eclipse.org/releases/2025-03/202503121000/plugins/ (142kB)
[2025-04-09 23:30:18] Fetching junit-platform-commons_1.11.4.jar from https://mirrors.jevincanders.net/eclipse/releases/2025-03/202503121000/plugins/ (138.68kB)
[2025-04-09 23:30:18] Fetching org.eclipse.jetty.security_12.0.16.jar from https://download.eclipse.org/releases/2025-03/202503121000/plugins/ (141.55kB)
[2025-04-09 23:30:18] Fetching org.eclipse.jetty.ee8.servlet_12.0.16.jar from https://download.eclipse.org/releases/2025-03/202503121000/plugins/ (141.45kB)
[2025-04-09 23:30:18] Fetching org.eclipse.tips.core_0.3.400.v20240413-1529.jar from https://mirror.umd.edu/eclipse/releases/2025-03/202503121000/plugins/
[2025-04-09 23:30:18] Fetching org.apache.batik.util_1.18.0.v20241009-1200.jar from https://mirrors.jevincanders.net/eclipse/releases/2025-03/202503121000/plugins/ (142.42kB)
[2025-04-09 23:30:18] Fetching org.eclipse.equinox.p2.touchpoint.eclipse_2.4.400.v20250129-1124.jar from https://mirrors.jevincanders.net/eclipse/releases/2025-03/202503121000/plugins/ (138.09kB)
[2025-04-09 23:30:19] Fetching org.eclipse.ui.ide.application_1.5.600.v20241021-1257.jar from https://download.eclipse.org/releases/2025-03/202503121000/plugins/ (137.2kB)
[2025-04-09 23:30:19] Fetching org.eclipse.ecf.provider.filetransfer_3.3.100.v20250115-0406.jar from https://download.eclipse.org/releases/2025-03/202503121000/plugins/ (137.75kB)
[2025-04-09 23:30:19] Fetching org.eclipse.equinox.console_1.4.900.v20250130-0533.jar from https://mirrors.jevincanders.net/eclipse/releases/2025-03/202503121000/plugins/ (138.51kB)
[2025-04-09 23:30:19] Fetching org.eclipse.jetty.ee8.servlet_12.0.16.jar from https://download.eclipse.org/releases/2025-03/202503121000/plugins/
[2025-04-09 23:30:19] Fetching org.eclipse.mylyn.team.ui_4.6.0.v20241229-1209.jar from https://mirrors.jevincanders.net/eclipse/releases/2025-03/202503121000/plugins/ (134.64kB)
[2025-04-09 23:30:19] Fetching org.eclipse.mylyn.context.core_4.6.0.v20241229-1209.jar from https://mirrors.jevincanders.net/eclipse/releases/2025-03/202503121000/plugins/ (133.67kB)
[2025-04-09 23:30:19] Fetching org.eclipse.oomph.resources_1.21.0.v20241013-1019.jar from https://download.eclipse.org/releases/2025-03/202503121000/plugins/ (134.7kB)
[2025-04-09 23:30:20] Fetching org.eclipse.equinox.p2.ui.importexport_1.4.600.v20250119-0740.jar from https://mirror.umd.edu/eclipse/releases/2025-03/202503121000/plugins/ (133.39kB)
[2025-04-09 23:30:20] Fetching org.eclipse.mylyn.jenkins.core_4.6.0.v20241229-1209.jar from https://download.eclipse.org/releases/2025-03/202503121000/plugins/ (129.38kB)
[2025-04-09 23:30:20] Fetching jakarta.xml.bind_2.3.3.v20201118-1818.jar from https://mirrors.jevincanders.net/eclipse/releases/2025-03/202503121000/plugins/ (133.35kB)
[2025-04-09 23:30:20] Fetching org.jacoco.report_0.8.12.202403310830.jar from https://mirrors.jevincanders.net/eclipse/releases/2025-03/202503121000/plugins/ (128.03kB)
[2025-04-09 23:30:20] Fetching org.eclipse.wst.common.frameworks_1.3.0.v202308161955.jar from https://mirrors.jevincanders.net/eclipse/releases/2025-03/202503121000/plugins/ (127.8kB)
[2025-04-09 23:30:20] Fetching org.eclipse.mylyn.commons.core_4.6.0.v20241229-1209.jar from https://mirrors.jevincanders.net/eclipse/releases/2025-03/202503121000/plugins/ (127.53kB)
[2025-04-09 23:30:20] Fetching org.eclipse.e4.ui.workbench.addons.swt_1.5.600.v20241107-2150.jar from https://download.eclipse.org/releases/2025-03/202503121000/plugins/ (124.52kB)
[2025-04-09 23:30:20] Fetching org.apache.xmlrpc.common_3.1.3.v20181004-1955.jar from https://download.eclipse.org/releases/2025-03/202503121000/plugins/ (129.32kB)
[2025-04-09 23:30:21] Fetching org.eclipse.equinox.p2.ui.importexport_1.4.600.v20250119-0740.jar from https://mirror.umd.edu/eclipse/releases/2025-03/202503121000/plugins/
[2025-04-09 23:30:21] Fetching org.objectweb.asm_9.7.1.jar from https://mirrors.jevincanders.net/eclipse/releases/2025-03/202503121000/plugins/ (123.14kB)
[2025-04-09 23:30:21] Fetching org.eclipse.equinox.preferences_3.11.300.v20250130-0533.jar from https://download.eclipse.org/releases/2025-03/202503121000/plugins/ (126.76kB)
[2025-04-09 23:30:21] Fetching org.hamcrest_3.0.0.jar from https://download.eclipse.org/releases/2025-03/202503121000/plugins/ (123.41kB)
[2025-04-09 23:30:21] Fetching org.eclipse.core.filebuffers_3.8.400.v20250108-1526.jar from https://mirror.umd.edu/eclipse/releases/2025-03/202503121000/plugins/ (119.44kB)
[2025-04-09 23:30:21] Fetching org.eclipse.core.commands_3.12.300.v20241229-1638.jar from https://mirrors.jevincanders.net/eclipse/releases/2025-03/202503121000/plugins/ (119.26kB)
[2025-04-09 23:30:21] Fetching org.eclipse.ecf.provider.jmdns_4.4.0.v20231021-2050.jar from https://mirrors.jevincanders.net/eclipse/releases/2025-03/202503121000/plugins/ (118.96kB)
[2025-04-09 23:30:22] Fetching org.eclipse.oomph.workingsets.editor_1.17.0.v20250218-0822.jar from https://download.eclipse.org/releases/2025-03/202503121000/plugins/ (118.29kB)
[2025-04-09 23:30:22] Fetching org.eclipse.core.jobs_3.15.500.v20250204-0817.jar from https://mirrors.jevincanders.net/eclipse/releases/2025-03/202503121000/plugins/ (117.59kB)
[2025-04-09 23:30:22] Fetching org.eclipse.equinox.p2.director_2.6.600.v20250129-0525.jar from https://download.eclipse.org/releases/2025-03/202503121000/plugins/ (114.88kB)
[2025-04-09 23:30:22] Fetching org.eclipse.core.filebuffers_3.8.400.v20250108-1526.jar from https://mirror.umd.edu/eclipse/releases/2025-03/202503121000/plugins/
[2025-04-09 23:30:22] Fetching org.eclipse.userstorage_1.2.0.v20210517-0327.jar from https://mirrors.jevincanders.net/eclipse/releases/2025-03/202503121000/plugins/ (116.18kB)
[2025-04-09 23:30:22] Fetching org.eclipse.jetty.session_12.0.16.jar from https://download.eclipse.org/releases/2025-03/202503121000/plugins/ (114.49kB)
[2025-04-09 23:30:23] Fetching org.eclipse.nebula.widgets.cdatetime_1.5.0.202501071519.jar from https://mirrors.jevincanders.net/eclipse/releases/2025-03/202503121000/plugins/ (113.15kB)
[2025-04-09 23:30:23] Fetching org.eclipse.equinox.security_1.4.500.v20250129-1350.jar from https://download.eclipse.org/releases/2025-03/202503121000/plugins/ (117.77kB)
[2025-04-09 23:30:23] Fetching org.eclipse.ui.views.properties.tabbed_3.10.400.v20240915-2200.jar from https://mirrors.jevincanders.net/eclipse/releases/2025-03/202503121000/plugins/ (112.25kB)
[2025-04-09 23:30:23] Fetching org.eclipse.jetty.session_12.0.16.jar from https://download.eclipse.org/releases/2025-03/202503121000/plugins/
[2025-04-09 23:30:23] Fetching org.eclipse.m2e.launching_2.1.0.20241011-1559.jar from https://mirrors.jevincanders.net/eclipse/releases/2025-03/202503121000/plugins/ (111.4kB)
[2025-04-09 23:30:24] Fetching org.eclipse.ant.core_3.7.600.v20241215-2025.jar from https://mirrors.jevincanders.net/eclipse/releases/2025-03/202503121000/plugins/ (109.84kB)
[2025-04-09 23:30:24] Fetching org.eclipse.equinox.p2.ui.sdk.scheduler_1.6.400.v20250129-1122.jar from https://download.eclipse.org/releases/2025-03/202503121000/plugins/ (111.45kB)
[2025-04-09 23:38:10] Fetching org.eclipse.equinox.p2.publisher_1.9.400.v20250201-1219.jar from https://mirrors.jevincanders.net/eclipse/releases/2025-03/202503121000/plugins/ (106.94kB)
[2025-04-09 23:38:10] Fetching org.eclipse.ui.views_3.12.500.v20240915-0736.jar from https://mirrors.jevincanders.net/eclipse/releases/2025-03/202503121000/plugins/ (109.17kB)
[2025-04-09 23:38:10] Fetching org.eclipse.equinox.p2.updatesite_1.3.600.v20250129-1119.jar from https://mirror.umd.edu/eclipse/releases/2025-03/202503121000/plugins/ (105.74kB)
[2025-04-09 23:38:10] Fetching org.eclipse.mylyn.context.tasks.ui_4.6.0.v20241229-1209.jar from https://download.eclipse.org/releases/2025-03/202503121000/plugins/ (106.81kB)
[2025-04-09 23:38:11] Fetching org.eclipse.mylyn.wikitext.asciidoc_4.6.0.v20241229-1209.jar from https://download.eclipse.org/releases/2025-03/202503121000/plugins/ (108.51kB)
[2025-04-09 23:38:12] Fetching org.eclipse.core.contenttype_3.9.600.v20241001-1711.jar from https://mirror.umd.edu/eclipse/releases/2025-03/202503121000/plugins/ (104.93kB)
[2025-04-09 23:38:12] Fetching org.eclipse.eclemma.core_3.1.9.202405260028.jar from https://mirror.umd.edu/eclipse/releases/2025-03/202503121000/plugins/ (103.4kB)
[2025-04-09 23:38:12] Fetching org.eclipse.text.quicksearch_1.3.0.v20250123-0754.jar from https://mirror.umd.edu/eclipse/releases/2025-03/202503121000/plugins/ (103.14kB)
[2025-04-09 23:38:12] Fetching org.eclipse.update.configurator_3.5.600.v20241215-0811.jar from https://mirror.umd.edu/eclipse/releases/2025-03/202503121000/plugins/ (101.25kB)
[2025-04-09 23:38:12] Fetching org.eclipse.jsch.ui_1.5.600.v20241230-0002.jar from https://mirrors.jevincanders.net/eclipse/releases/2025-03/202503121000/plugins/ (98.65kB)
[2025-04-09 23:38:13] Fetching org.eclipse.mylyn.reviews.edit_4.6.0.v20241229-1209.jar from https://mirror.umd.edu/eclipse/releases/2025-03/202503121000/plugins/ (97.65kB)
[2025-04-09 23:38:14] Fetching org.osgi.service.http.whiteboard_1.1.1.202109301733.jar from https://mirror.umd.edu/eclipse/releases/2025-03/202503121000/plugins/ (97.27kB)
[2025-04-09 23:38:15] Fetching org.eclipse.emf.databinding_1.9.0.v20240604-0832.jar from https://mirror.umd.edu/eclipse/releases/2025-03/202503121000/plugins/ (96.49kB)
[2025-04-09 23:38:15] Fetching org.eclipse.mylyn.tasks.bugs_4.6.0.v20241229-1209.jar from https://mirror.umd.edu/eclipse/releases/2025-03/202503121000/plugins/ (95.67kB)
[2025-04-09 23:38:15] Fetching org.eclipse.emf.ecore.change_2.17.0.v20240604-0832.jar from https://mirrors.jevincanders.net/eclipse/releases/2025-03/202503121000/plugins/ (95.56kB)
[2025-04-09 23:38:16] Fetching org.eclipse.mylyn.commons.screenshots_4.6.0.v20241229-1209.jar from https://mirror.umd.edu/eclipse/releases/2025-03/202503121000/plugins/ (95.39kB)
[2025-04-09 23:38:16] Fetching org.eclipse.core.expressions_3.9.400.v20240413-1529.jar from https://mirror.umd.edu/eclipse/releases/2025-03/202503121000/plugins/ (95.4kB)
[2025-04-09 23:38:16] Fetching org.eclipse.mylyn.commons.repositories.ui_4.6.0.v20241229-1209.jar from https://mirror.umd.edu/eclipse/releases/2025-03/202503121000/plugins/ (95.02kB)
[2025-04-09 23:38:16] Fetching org.eclipse.ecf.provider.filetransfer.httpclientjava_2.1.0.v20250108-1923.jar from https://mirror.umd.edu/eclipse/releases/2025-03/202503121000/plugins/ (94.26kB)
[2025-04-09 23:38:17] Fetching org.apache.xml.resolver_1.2.0.v20230928-1222.jar from https://mirrors.jevincanders.net/eclipse/releases/2025-03/202503121000/plugins/ (93.76kB)
[2025-04-09 23:38:17] Fetching org.eclipse.equinox.app_1.7.300.v20250130-0528.jar from https://mirror.umd.edu/eclipse/releases/2025-03/202503121000/plugins/ (93.55kB)
[2025-04-09 23:38:18] Fetching org.objectweb.asm.util_9.7.1.jar from https://mirrors.jevincanders.net/eclipse/releases/2025-03/202503121000/plugins/ (92.3kB)
[2025-04-09 23:38:18] Fetching org.eclipse.mylyn.wikitext.confluence_4.6.0.v20241229-1209.jar from https://mirrors.jevincanders.net/eclipse/releases/2025-03/202503121000/plugins/ (91.65kB)
[2025-04-09 23:38:18] Fetching org.eclipse.equinox.p2.touchpoint.natives_1.5.500.v20250129-1123.jar from https://mirror.umd.edu/eclipse/releases/2025-03/202503121000/plugins/ (91.33kB)
[2025-04-09 23:38:18] Fetching org.eclipse.equinox.app_1.7.300.v20250130-0528.jar from https://mirror.umd.edu/eclipse/releases/2025-03/202503121000/plugins/
[2025-04-09 23:38:19] Fetching org.eclipse.oomph.preferences_1.14.0.v20230617-1322.jar from https://mirror.umd.edu/eclipse/releases/2025-03/202503121000/plugins/ (90.75kB)
[2025-04-09 23:38:19] Fetching org.eclipse.debug.ui.launchview_1.1.700.v20241126-1843.jar from https://mirrors.jevincanders.net/eclipse/releases/2025-03/202503121000/plugins/ (90.53kB)
[2025-04-09 23:38:19] Fetching org.eclipse.mylyn.wikitext.textile_4.6.0.v20241229-1209.jar from https://mirrors.jevincanders.net/eclipse/releases/2025-03/202503121000/plugins/ (89.2kB)
[2025-04-09 23:38:20] Fetching org.eclipse.ecf.provider.filetransfer.httpclient5_1.1.100.v20250108-1923.jar from https://mirrors.jevincanders.net/eclipse/releases/2025-03/202503121000/plugins/ (87.05kB)
[2025-04-09 23:38:20] Fetching org.eclipse.mylyn.commons.net_4.6.0.v20241229-1209.jar from https://mirrors.jevincanders.net/eclipse/releases/2025-03/202503121000/plugins/ (85.6kB)
[2025-04-09 23:38:20] Fetching javax.activation_1.2.2.v20221203-1659.jar from https://mirror.umd.edu/eclipse/releases/2025-03/202503121000/plugins/ (85.08kB)
[2025-04-09 23:38:25] An error was detected while performing the engine operation and the changes are being rolled back. See the log for details.
[2025-04-09 23:38:25] java.lang.IllegalStateException: Attempt to access stopped agent: org.eclipse.equinox.internal.p2.core.ProvisioningAgent@74ebbd55
  at org.eclipse.equinox.internal.p2.core.ProvisioningAgent.checkRunning(ProvisioningAgent.java:89)
  at org.eclipse.equinox.internal.p2.core.ProvisioningAgent.getService(ProvisioningAgent.java:51)
  at org.eclipse.equinox.internal.p2.engine.SimpleProfileRegistry.ignoreExistingProfile(SimpleProfileRegistry.java:313)
  at org.eclipse.equinox.internal.p2.engine.SimpleProfileRegistry.internalGetProfile(SimpleProfileRegistry.java:266)
  at org.eclipse.equinox.internal.p2.engine.SimpleProfileRegistry.getProfile(SimpleProfileRegistry.java:192)
  at org.eclipse.oomph.p2.internal.core.AgentImpl.getCurrentProfile(AgentImpl.java:411)
  at org.eclipse.oomph.setup.p2.impl.P2TaskImpl.perform(P2TaskImpl.java:953)
  at org.eclipse.oomph.setup.internal.core.SetupTaskPerformer.doPerformNeededSetupTasks(SetupTaskPerformer.java:3876)
  at org.eclipse.oomph.setup.internal.core.SetupTaskPerformer.performNeededSetupTasks(SetupTaskPerformer.java:3804)
  at org.eclipse.oomph.setup.internal.core.SetupTaskPerformer.performTriggeredSetupTasks(SetupTaskPerformer.java:3785)
  at org.eclipse.oomph.setup.internal.core.SetupTaskPerformer.perform(SetupTaskPerformer.java:3663)
  at org.eclipse.oomph.setup.internal.installer.SimpleVariablePage.installPerform(SimpleVariablePage.java:1360)
  at org.eclipse.oomph.setup.internal.installer.SimpleVariablePage$20.run(SimpleVariablePage.java:1167)

[2025-04-09 23:38:25] 
